exp,request,model,format,rag,genQuery,goldQuery,results,resultsCols,resultsRows,error,usage,resultGold,resultGoldCols,resultGoldRows
31,"Return the objects classified as AGN that show variability in the r band, but have no detections or show no variability in the g band. Order the features by their value in ascending order, and the final query by oid.",gpt-4o,python,True,"# Sub-query for AGN Classification
sub_query_agn = f'''
SELECT
    oid
FROM
    probability
WHERE
    classifier_name='lc_classifier'
    AND class_name='AGN'
    AND ranking=1
''' # Sub-query for Variability in r Band
sub_query_r_variability = f'''
SELECT
    oid
FROM
    magstat
WHERE
    fid=2  -- Assuming fid=2 corresponds to the r band
    AND (some_variability_condition)  -- Replace with actual condition for variability
''' # Sub-query for No Variability or Detections in g Band
sub_query_no_g_variability = f'''
SELECT
    oid
FROM
    magstat
WHERE
    fid=1  -- Assuming fid=1 corresponds to the g band
    AND (no_variability_condition)  -- Replace with actual condition for no variability or no detections
''' # Intersect AGN and r Band Variability
intersect_agn_r = f'''
SELECT
    oid
FROM
    ({sub_query_agn}) AS agn
INTERSECT
SELECT
    oid
FROM
    ({sub_query_r_variability}) AS r_var
''' # Exclude g Band Detections/Variability
final_oids = f'''
SELECT
    oid
FROM
    ({intersect_agn_r}) AS agn_r
EXCEPT
SELECT
    oid
FROM
    ({sub_query_no_g_variability}) AS no_g_var
''' # Final Query with Feature Table
full_query = f'''
SELECT
    feature.*
FROM
    feature
WHERE
    oid IN ({final_oids})
ORDER BY
    feature.value ASC, oid
'''","
SELECT
  *
FROM
  (
SELECT *
FROM (
SELECT
  feature.oid, feature.value, feature.name, feature.version, feature.fid
FROM
  (
SELECT
    object.oid, object.meanra, object.meandec
FROM
    object INNER JOIN
    probability
    ON object.oid = probability.oid
WHERE
    probability.classifier_name='lc_classifier'
    AND probability.class_name = 'AGN'
    AND probability.ranking = 1
) as obj_oids
    INNER JOIN
    feature ON feature.oid = obj_oids.oid
WHERE
  feature.name = 'ExcessVar'
  AND feature.fid = 1
  AND feature.value < -0.001
ORDER BY feature.value ASC
) as sq1
UNION
SELECT *
FROM (
SELECT
  feature.oid, feature.value, feature.name, feature.version, feature.fid
FROM
  (
SELECT
    object.oid, object.meanra, object.meandec
FROM
    object INNER JOIN
    probability
    ON object.oid = probability.oid
WHERE
    probability.classifier_name='lc_classifier'
    AND probability.class_name = 'AGN'
    AND probability.ranking = 1
) as obj_oids
    INNER JOIN
    feature ON feature.oid = obj_oids.oid
WHERE
  feature.name = 'ExcessVar'
  AND feature.fid = 2
  AND feature.value > -0.000001
) as sq2
ORDER BY oid
) AS sq
WHERE
  sq.oid in (
SELECT oid
FROM (
SELECT
  feature.oid, feature.value, feature.name, feature.version, feature.fid
FROM
  (
SELECT
    object.oid, object.meanra, object.meandec
FROM
    object INNER JOIN
    probability
    ON object.oid = probability.oid
WHERE
    probability.classifier_name='lc_classifier'
    AND probability.class_name = 'AGN'
    AND probability.ranking = 1
) as obj_oids
    INNER JOIN
    feature ON feature.oid = obj_oids.oid
WHERE
  feature.name = 'ExcessVar'
  AND feature.fid = 1
  AND feature.value < -0.001
ORDER BY feature.value ASC
) as sq1
INTERSECT
SELECT oid
FROM (
SELECT
  feature.oid, feature.value, feature.name, feature.version, feature.fid
FROM
  (
SELECT
    object.oid, object.meanra, object.meandec
FROM
    object INNER JOIN
    probability
    ON object.oid = probability.oid
WHERE
    probability.classifier_name='lc_classifier'
    AND probability.class_name = 'AGN'
    AND probability.ranking = 1
) as obj_oids
    INNER JOIN
    feature ON feature.oid = obj_oids.oid
WHERE
  feature.name = 'ExcessVar'
  AND feature.fid = 2
  AND feature.value > -0.000001
) as sq2
ORDER BY oid
)
ORDER BY oid
",,,,"(psycopg2.errors.UndefinedColumn) column ""some_variability_condition"" does not exist
LINE 36:     AND (some_variability_condition)  -- Replace with actual...
                  ^

[SQL: 
SELECT
    feature.*
FROM
    feature
WHERE
    oid IN (
SELECT
    oid
FROM
    (
SELECT
    oid
FROM
    (
SELECT
    oid
FROM
    probability
WHERE
    classifier_name='lc_classifier'
    AND class_name='AGN'
    AND ranking=1
) AS agn
INTERSECT
SELECT
    oid
FROM
    (
SELECT
    oid
FROM
    magstat
WHERE
    fid=2  -- Assuming fid=2 corresponds to the r band
    AND (some_variability_condition)  -- Replace with actual condition for variability
) AS r_var
) AS agn_r
EXCEPT
SELECT
    oid
FROM
    (
SELECT
    oid
FROM
    magstat
WHERE
    fid=1  -- Assuming fid=1 corresponds to the g band
    AND (no_variability_condition)  -- Replace with actual condition for no variability or no detections
) AS no_g_var
)
ORDER BY
    feature.value ASC, oid
]
(Background on this error at: https://sqlalche.me/e/20/f405)","{'Schema Linking': {'input_tokens': 3886, 'output_tokens': 10, 'total_tokens': 3896, 'total_cost': 0.0, 'input_cost': 0.009715, 'output_cost': 0.0001, 'new_total_cost': 0.009814999999999999}, 'Classification': {'input_tokens': 433, 'output_tokens': 3, 'total_tokens': 436, 'input_cost': 0.0010825, 'output_cost': 3e-05, 'total_cost': 0.0011125, 'new_total_cost': 0.0011125}, 'Decompostion': {'input_tokens': 4175, 'output_tokens': 613, 'total_tokens': 4788, 'input_cost': 0.0104375, 'output_cost': 0.00613, 'total_cost': 0.0165675, 'new_total_cost': 0.0165675}, 'Query generation': {'input_tokens': 1934, 'output_tokens': 360, 'total_tokens': 2294, 'input_cost': 0.004835, 'output_cost': 0.0036, 'total_cost': 0.008435, 'new_total_cost': 0.008435}, 'Self-correction': {'input_tokens': 4284, 'output_tokens': 397, 'total_tokens': 4681, 'input_cost': 0.01071, 'output_cost': 0.00397, 'total_cost': 0.01468}}","             oid     value       name                             version  fid
0   ZTF18aazyweo -0.001111  ExcessVar                         23.12.26a85    1
1   ZTF18aazyweo  0.000713  ExcessVar               lc_classifier_1.2.1-P    2
2   ZTF18abcobxs -0.001127  ExcessVar  lc_classifier_1.2.1-P-transitional    1
3   ZTF18abcobxs  0.071997  ExcessVar                              24.5.1    2
4   ZTF18abcobxs  0.002784  ExcessVar               lc_classifier_1.2.1-P    2
5   ZTF18abcobxs -0.001009  ExcessVar                         23.12.26a85    1
6   ZTF18abcscfv -0.042013  ExcessVar                              24.5.1    1
7   ZTF18abcscfv  0.003133  ExcessVar                              24.5.1    2
8   ZTF18abgledy -0.001209  ExcessVar                         23.12.26a85    1
9   ZTF18abgledy  0.000447  ExcessVar               lc_classifier_1.2.1-P    2
10  ZTF18abgugud -0.015065  ExcessVar                              24.5.1    1
11  ZTF18abgugud  0.002191  ExcessVar                              24.5.1    2
12  ZTF18abjrziq -0.001068  ExcessVar                         23.12.26a85    1
13  ZTF18abjrziq  0.001757  ExcessVar                              24.5.1    2
14  ZTF18abkocqm  0.010538  ExcessVar               lc_classifier_1.2.1-P    2
15  ZTF18abkocqm -0.001475  ExcessVar                         23.12.26a85    1
16  ZTF18abkocqm  0.007645  ExcessVar  lc_classifier_1.2.1-P-transitional    2
17  ZTF18abrzbum -0.001190  ExcessVar  lc_classifier_1.2.1-P-transitional    1
18  ZTF18abrzbum  0.001125  ExcessVar               lc_classifier_1.2.1-P    2
19  ZTF18abrzbum -0.001124  ExcessVar               lc_classifier_1.2.1-P    1
20  ZTF18abvgjgb  0.000127  ExcessVar               lc_classifier_1.2.1-P    2
21  ZTF18abvgjgb -0.001144  ExcessVar                            23.12.25    1
22  ZTF18abvgjgb -0.001335  ExcessVar  lc_classifier_1.2.1-P-transitional    1
23  ZTF18abvztpm  0.000000  ExcessVar               lc_classifier_1.2.1-P    2
24  ZTF18abvztpm -0.001030  ExcessVar                         23.12.26a85    1
25  ZTF18accnfrz -0.001016  ExcessVar  lc_classifier_1.2.1-P-transitional    1
26  ZTF18accnfrz  0.000410  ExcessVar               lc_classifier_1.2.1-P    2
27  ZTF18acehgts -0.001058  ExcessVar                         23.12.26a85    1
28  ZTF18acehgts  0.000060  ExcessVar               lc_classifier_1.2.1-P    2
29  ZTF18acrxpcz  0.001916  ExcessVar               lc_classifier_1.2.1-P    2
30  ZTF18acrxpcz -0.001235  ExcessVar                            23.12.25    1
31  ZTF19aapgbeg  0.000000  ExcessVar               lc_classifier_1.2.1-P    2
32  ZTF19aapgbeg -0.001063  ExcessVar               lc_classifier_1.2.1-P    1
33  ZTF19aaqcchf -0.001130  ExcessVar                            23.12.25    1
34  ZTF19aaqcchf  0.000075  ExcessVar               lc_classifier_1.2.1-P    2
35  ZTF19aaqcchf -0.001186  ExcessVar                         23.12.26a85    1
36  ZTF19aasfxde  0.000000  ExcessVar               lc_classifier_1.2.1-P    2
37  ZTF19aasfxde -0.001076  ExcessVar                         23.12.26a85    1
38  ZTF19adcfvxy -0.001071  ExcessVar  lc_classifier_1.2.1-P-transitional    1
39  ZTF19adcfvxy  0.000000  ExcessVar               lc_classifier_1.2.1-P    2
40  ZTF19adcfvxy -0.001169  ExcessVar               lc_classifier_1.2.1-P    1
41  ZTF20aahuxhq  0.000000  ExcessVar               lc_classifier_1.2.1-P    2
42  ZTF20aahuxhq -0.001079  ExcessVar                              25.0.0    1
43  ZTF20aazijet -0.001212  ExcessVar               lc_classifier_1.2.1-P    1
44  ZTF20aazijet  0.000000  ExcessVar               lc_classifier_1.2.1-P    2
45  ZTF20aazpukx -0.001038  ExcessVar               lc_classifier_1.2.1-P    1
46  ZTF20aazpukx  0.000000  ExcessVar               lc_classifier_1.2.1-P    2
47  ZTF20abntycb -0.001023  ExcessVar               lc_classifier_1.2.1-P    1
48  ZTF20abntycb  0.000000  ExcessVar               lc_classifier_1.2.1-P    2
49  ZTF20aclgjrq -0.001226  ExcessVar                              26.0.0    1
50  ZTF20aclgjrq  0.000007  ExcessVar               lc_classifier_1.2.1-P    2",['oid' 'value' 'name' 'version' 'fid'],"['ZTF18aazyweo' 'ZTF18aazyweo' 'ZTF18abcobxs' 'ZTF18abcobxs'
 'ZTF18abcobxs' 'ZTF18abcobxs' 'ZTF18abcscfv' 'ZTF18abcscfv'
 'ZTF18abgledy' 'ZTF18abgledy' 'ZTF18abgugud' 'ZTF18abgugud'
 'ZTF18abjrziq' 'ZTF18abjrziq' 'ZTF18abkocqm' 'ZTF18abkocqm'
 'ZTF18abkocqm' 'ZTF18abrzbum' 'ZTF18abrzbum' 'ZTF18abrzbum'
 'ZTF18abvgjgb' 'ZTF18abvgjgb' 'ZTF18abvgjgb' 'ZTF18abvztpm'
 'ZTF18abvztpm' 'ZTF18accnfrz' 'ZTF18accnfrz' 'ZTF18acehgts'
 'ZTF18acehgts' 'ZTF18acrxpcz' 'ZTF18acrxpcz' 'ZTF19aapgbeg'
 'ZTF19aapgbeg' 'ZTF19aaqcchf' 'ZTF19aaqcchf' 'ZTF19aaqcchf'
 'ZTF19aasfxde' 'ZTF19aasfxde' 'ZTF19adcfvxy' 'ZTF19adcfvxy'
 'ZTF19adcfvxy' 'ZTF20aahuxhq' 'ZTF20aahuxhq' 'ZTF20aazijet'
 'ZTF20aazijet' 'ZTF20aazpukx' 'ZTF20aazpukx' 'ZTF20abntycb'
 'ZTF20abntycb' 'ZTF20aclgjrq' 'ZTF20aclgjrq']"
32,"Get all the objects classified as AGN with a probability larger than 0.6, with light curves covering at least one year that have at least 20 detections at least in one band, and select those that show variations larger than 1 magnitude in the g band and larger than 0.5 in the r band. The magnitudes need to be the corrected ones. Return their oid, the value, name, version and filter id from the features, mean coordinates, number of detections, maximum and minimum magnitudes, the variations in bands as the difference between the maximum and minimum magnitudes aliasing the column as 'delta_mag'. For the filter id columns, use the alias '[table_name]_fid' using the table name as the alias.",gpt-4o,python,True,"# Sub-query: Probability Filtering
sub_query_probability = f'''
SELECT DISTINCT oid
FROM probability
WHERE classifier_name='lc_classifier'
  AND class_name='AGN'
  AND probability > 0.6
  AND ranking = 1
''' # Sub-query: Light Curve Duration
sub_query_light_curve_duration = f'''
SELECT oid
FROM object
WHERE (lastmjd - firstmjd) >= 365
''' # Sub-query: Detection Count
sub_query_detection_count = f'''
SELECT oid
FROM object
WHERE ndet >= 20
''' # Sub-query: Magnitude Variation in g band
sub_query_g_band_variation = f'''
SELECT oid
FROM feature
WHERE name = 'delta_mag_fid'
  AND fid = 1
  AND value > 1
  AND oid IN ({sub_query_probability})
''' # Sub-query: Magnitude Variation in r band
sub_query_r_band_variation = f'''
SELECT oid
FROM feature
WHERE name = 'delta_mag_fid'
  AND fid = 2
  AND value > 0.5
  AND oid IN ({sub_query_probability})
''' # Union and Intersect: Feature Conditions
sub_query_feature_conditions = f'''
SELECT oid
FROM ({sub_query_g_band_variation}) AS g_band
INTERSECT
SELECT oid
FROM ({sub_query_r_band_variation}) AS r_band
''' # Sub-query: Maximum and Minimum Magnitudes
sub_query_magstats = f'''
SELECT oid, fid, MAX(magpsf_corr) AS max_mag, MIN(magpsf_corr) AS min_mag
FROM magstat
WHERE oid IN ({sub_query_feature_conditions})
GROUP BY oid, fid
''' # Final Query Assembly
full_query = f'''
SELECT o.oid, f.value, f.name, f.version, f.fid AS feature_fid,
       o.meanra, o.meandec, o.ndet, m.max_mag, m.min_mag,
       (m.max_mag - m.min_mag) AS delta_mag
FROM object o
JOIN ({sub_query_probability}) AS p ON o.oid = p.oid
JOIN ({sub_query_light_curve_duration}) AS lcd ON o.oid = lcd.oid
JOIN ({sub_query_detection_count}) AS dc ON o.oid = dc.oid
JOIN feature f ON o.oid = f.oid
JOIN ({sub_query_magstats}) AS m ON o.oid = m.oid
WHERE o.oid IN ({sub_query_feature_conditions})
ORDER BY o.oid
'''","
SELECT
  sq.oid, sq.value, sq.name, sq.fid as feature_fid, sq.version, sq.ndet, sq.meanra, sq.meandec,
  magstat.magmax, magstat.magmin,  magstat.magmax-magstat.magmin as delta_mag, magstat.fid as magstat_fid
FROM
  (
SELECT *
FROM (
SELECT
  feature.oid, feature.value, feature.name, feature.fid, feature.version, obj_oids.meanra, obj_oids.meandec, obj_oids.ndet
FROM
  (
SELECT
    object.oid, object.meanra, object.meandec, object.ndet
FROM
    object INNER JOIN
    probability
    ON object.oid = probability.oid
WHERE
    probability.classifier_name='lc_classifier'
    AND probability.class_name='AGN'
    AND probability.probability > 0.6
    AND object.deltajd > 365
    AND object.ndet > 20
) as obj_oids
    INNER JOIN
    feature ON feature.oid = obj_oids.oid
WHERE
  feature.name = 'Amplitude'
  AND feature.value > 1
  AND feature.fid = 1
) as sq1
UNION
SELECT *
FROM (
SELECT
  feature.oid, feature.value, feature.name, feature.fid, feature.version, obj_oids.meanra, obj_oids.meandec, obj_oids.ndet
FROM
  (
SELECT
    object.oid, object.meanra, object.meandec, object.ndet
FROM
    object INNER JOIN
    probability
    ON object.oid = probability.oid
WHERE
    probability.classifier_name='lc_classifier'
    AND probability.class_name='AGN'
    AND probability.probability > 0.6
    AND object.deltajd > 365
    AND object.ndet > 20
) as obj_oids
    INNER JOIN
    feature ON feature.oid = obj_oids.oid
WHERE
  feature.name = 'Amplitude'
  AND feature.value > 0.5
  AND feature.fid = 2
) as sq2
ORDER BY oid
) AS sq
  INNER JOIN magstat
  ON sq.oid = magstat.oid
WHERE
  sq.oid in (
SELECT oid
FROM (
SELECT
  feature.oid, feature.value, feature.name, feature.fid, feature.version, obj_oids.meanra, obj_oids.meandec, obj_oids.ndet
FROM
  (
SELECT
    object.oid, object.meanra, object.meandec, object.ndet
FROM
    object INNER JOIN
    probability
    ON object.oid = probability.oid
WHERE
    probability.classifier_name='lc_classifier'
    AND probability.class_name='AGN'
    AND probability.probability > 0.6
    AND object.deltajd > 365
    AND object.ndet > 20
) as obj_oids
    INNER JOIN
    feature ON feature.oid = obj_oids.oid
WHERE
  feature.name = 'Amplitude'
  AND feature.value > 1
  AND feature.fid = 1
) as sq1
INTERSECT
SELECT oid
FROM (
SELECT
  feature.oid, feature.value, feature.name, feature.fid, feature.version, obj_oids.meanra, obj_oids.meandec, obj_oids.ndet
FROM
  (
SELECT
    object.oid, object.meanra, object.meandec, object.ndet
FROM
    object INNER JOIN
    probability
    ON object.oid = probability.oid
WHERE
    probability.classifier_name='lc_classifier'
    AND probability.class_name='AGN'
    AND probability.probability > 0.6
    AND object.deltajd > 365
    AND object.ndet > 20
) as obj_oids
    INNER JOIN
    feature ON feature.oid = obj_oids.oid
WHERE
  feature.name = 'Amplitude'
  AND feature.value > 0.5
  AND feature.fid = 2
) as sq2
ORDER BY oid
)
  AND magstat.ndet > 20
  AND magstat.corrected = TRUE
ORDER BY oid
",,,,"(psycopg2.errors.UndefinedColumn) column ""magpsf_corr"" does not exist
LINE 26: SELECT oid, fid, MAX(magpsf_corr) AS max_mag, MIN(magpsf_cor...
                              ^

[SQL: 
SELECT o.oid, f.value, f.name, f.version, f.fid AS feature_fid,
       o.meanra, o.meandec, o.ndet, m.max_mag, m.min_mag,
       (m.max_mag - m.min_mag) AS delta_mag
FROM object o
JOIN (
SELECT DISTINCT oid
FROM probability
WHERE classifier_name='lc_classifier'
  AND class_name='AGN'
  AND probability > 0.6
  AND ranking = 1
) AS p ON o.oid = p.oid
JOIN (
SELECT oid
FROM object
WHERE (lastmjd - firstmjd) >= 365
) AS lcd ON o.oid = lcd.oid
JOIN (
SELECT oid
FROM object
WHERE ndet >= 20
) AS dc ON o.oid = dc.oid
JOIN feature f ON o.oid = f.oid
JOIN (
SELECT oid, fid, MAX(magpsf_corr) AS max_mag, MIN(magpsf_corr) AS min_mag
FROM magstat
WHERE oid IN (
SELECT oid
FROM (
SELECT oid
FROM feature
WHERE name = 'delta_mag_fid'
  AND fid = 1
  AND value > 1
  AND oid IN (
SELECT DISTINCT oid
FROM probability
WHERE classifier_name='lc_classifier'
  AND class_name='AGN'
  AND probability > 0.6
  AND ranking = 1
)
) AS g_band
INTERSECT
SELECT oid
FROM (
SELECT oid
FROM feature
WHERE name = 'delta_mag_fid'
  AND fid = 2
  AND value > 0.5
  AND oid IN (
SELECT DISTINCT oid
FROM probability
WHERE classifier_name='lc_classifier'
  AND class_name='AGN'
  AND probability > 0.6
  AND ranking = 1
)
) AS r_band
)
GROUP BY oid, fid
) AS m ON o.oid = m.oid
WHERE o.oid IN (
SELECT oid
FROM (
SELECT oid
FROM feature
WHERE name = 'delta_mag_fid'
  AND fid = 1
  AND value > 1
  AND oid IN (
SELECT DISTINCT oid
FROM probability
WHERE classifier_name='lc_classifier'
  AND class_name='AGN'
  AND probability > 0.6
  AND ranking = 1
)
) AS g_band
INTERSECT
SELECT oid
FROM (
SELECT oid
FROM feature
WHERE name = 'delta_mag_fid'
  AND fid = 2
  AND value > 0.5
  AND oid IN (
SELECT DISTINCT oid
FROM probability
WHERE classifier_name='lc_classifier'
  AND class_name='AGN'
  AND probability > 0.6
  AND ranking = 1
)
) AS r_band
)
ORDER BY o.oid
]
(Background on this error at: https://sqlalche.me/e/20/f405)","{'Schema Linking': {'input_tokens': 4021, 'output_tokens': 10, 'total_tokens': 4031, 'total_cost': 0.0, 'input_cost': 0.0100525, 'output_cost': 0.0001, 'new_total_cost': 0.0101525}, 'Classification': {'input_tokens': 541, 'output_tokens': 3, 'total_tokens': 544, 'input_cost': 0.0013525, 'output_cost': 3e-05, 'total_cost': 0.0013825, 'new_total_cost': 0.0013825}, 'Decompostion': {'input_tokens': 4283, 'output_tokens': 734, 'total_tokens': 5017, 'input_cost': 0.0107075, 'output_cost': 0.00734, 'total_cost': 0.0180475, 'new_total_cost': 0.0180475}, 'Query generation': {'input_tokens': 2163, 'output_tokens': 531, 'total_tokens': 2694, 'input_cost': 0.0054075, 'output_cost': 0.00531, 'total_cost': 0.0107175, 'new_total_cost': 0.0107175}, 'Self-correction': {'input_tokens': 4572, 'output_tokens': 544, 'total_tokens': 5116, 'input_cost': 0.01143, 'output_cost': 0.00544, 'total_cost': 0.01687}}","              oid        value       name  feature_fid version  ndet  \
0    ZTF18aajadqs    32.419900  Amplitude            2  24.5.1  1094   
1    ZTF18aajadqs    32.419900  Amplitude            2  24.5.1  1094   
2    ZTF18aajadqs    23.218352  Amplitude            1  24.5.1  1094   
3    ZTF18aajadqs    23.218352  Amplitude            1  24.5.1  1094   
4    ZTF18aajspec  1081.856191  Amplitude            1  24.5.1   410   
..            ...          ...        ...          ...     ...   ...   
313  ZTF22aaihxyw    31.858641  Amplitude            1  24.5.1    92   
314  ZTF23aagpjmh     6.896555  Amplitude            2  24.5.1    93   
315  ZTF23aagpjmh     6.896555  Amplitude            2  24.5.1    93   
316  ZTF23aagpjmh     9.379387  Amplitude            1  24.5.1    93   
317  ZTF23aagpjmh     9.379387  Amplitude            1  24.5.1    93   

         meanra    meandec     magmax     magmin  delta_mag  magstat_fid  
0    262.778601  30.297384  20.614600  18.841400   1.773199            1  
1    262.778601  30.297384  20.236600  18.619764   1.616837            2  
2    262.778601  30.297384  20.614600  18.841400   1.773199            1  
3    262.778601  30.297384  20.236600  18.619764   1.616837            2  
4    233.968281  57.902714  18.376663  15.342505   3.034159            1  
..          ...        ...        ...        ...        ...          ...  
313  258.003548   9.019252  20.240100  19.632126   0.607975            2  
314  270.287182  13.851849  20.859700  19.852900   1.006800            1  
315  270.287182  13.851849  20.569700  19.989302   0.580399            2  
316  270.287182  13.851849  20.859700  19.852900   1.006800            1  
317  270.287182  13.851849  20.569700  19.989302   0.580399            2  

[318 rows x 12 columns]","['oid' 'value' 'name' 'feature_fid' 'version' 'ndet' 'meanra' 'meandec'
 'magmax' 'magmin' 'delta_mag' 'magstat_fid']","['ZTF18aajadqs' 'ZTF18aajadqs' 'ZTF18aajadqs' 'ZTF18aajadqs'
 'ZTF18aajspec' 'ZTF18aajspec' 'ZTF18aajspec' 'ZTF18aajspec'
 'ZTF18aakixcl' 'ZTF18aakixcl' 'ZTF18aakixcl' 'ZTF18aakixcl'
 'ZTF18aakjijh' 'ZTF18aakjijh' 'ZTF18aakjijh' 'ZTF18aakjijh'
 'ZTF18aakxwff' 'ZTF18aakxwff' 'ZTF18aakxwff' 'ZTF18aakxwff'
 'ZTF18aakxwiz' 'ZTF18aakxwiz' 'ZTF18aakxwiz' 'ZTF18aakxwiz'
 'ZTF18aalrock' 'ZTF18aalrock' 'ZTF18aalrock' 'ZTF18aalrock'
 'ZTF18aamdjwg' 'ZTF18aamdjwg' 'ZTF18aamdjwg' 'ZTF18aamdjwg'
 'ZTF18aamofne' 'ZTF18aamofne' 'ZTF18aamofne' 'ZTF18aamofne'
 'ZTF18aamofne' 'ZTF18aamofne' 'ZTF18aanfpul' 'ZTF18aanfpul'
 'ZTF18aanfpul' 'ZTF18aanfpul' 'ZTF18aaspnuh' 'ZTF18aaspnuh'
 'ZTF18aaspnuh' 'ZTF18aaspnuh' 'ZTF18aatxtgo' 'ZTF18aatxtgo'
 'ZTF18aatxtgo' 'ZTF18aatxtgo' 'ZTF18aatxtgo' 'ZTF18aatxtgo'
 'ZTF18aaucvzg' 'ZTF18aaucvzg' 'ZTF18aaucvzg' 'ZTF18aaucvzg'
 'ZTF18aaudipu' 'ZTF18aaudipu' 'ZTF18aaudipu' 'ZTF18aaudipu'
 'ZTF18aavbtmi' 'ZTF18aavbtmi' 'ZTF18aavbtmi' 'ZTF18aavbtmi'
 'ZTF18aavpbfs' 'ZTF18aavpbfs' 'ZTF18aavpbfs' 'ZTF18aavpbfs'
 'ZTF18aaxsizg' 'ZTF18aaxsizg' 'ZTF18aaxsizg' 'ZTF18aaxsizg'
 'ZTF18aaxwjxd' 'ZTF18aaxwjxd' 'ZTF18aaxwjxd' 'ZTF18aaxwjxd'
 'ZTF18aaziklu' 'ZTF18aaziklu' 'ZTF18aaziklu' 'ZTF18aaziklu'
 'ZTF18abaocda' 'ZTF18abaocda' 'ZTF18abaocda' 'ZTF18abaocda'
 'ZTF18abceijy' 'ZTF18abceijy' 'ZTF18abceijy' 'ZTF18abceijy'
 'ZTF18abdgdgx' 'ZTF18abdgdgx' 'ZTF18abdgdgx' 'ZTF18abdgdgx'
 'ZTF18abfzylf' 'ZTF18abfzylf' 'ZTF18abfzylf' 'ZTF18abfzylf'
 'ZTF18abgrqii' 'ZTF18abgrqii' 'ZTF18abgrqii' 'ZTF18abgrqii'
 'ZTF18abitzos' 'ZTF18abitzos' 'ZTF18abitzos' 'ZTF18abitzos'
 'ZTF18abjsyoz' 'ZTF18abjsyoz' 'ZTF18abjsyoz' 'ZTF18abjsyoz'
 'ZTF18abjyinu' 'ZTF18abjyinu' 'ZTF18abjyinu' 'ZTF18abjyinu'
 'ZTF18abjzard' 'ZTF18abjzard' 'ZTF18abjzard' 'ZTF18abjzard'
 'ZTF18abkuccd' 'ZTF18abkuccd' 'ZTF18abkuccd' 'ZTF18abkuccd'
 'ZTF18ablqhms' 'ZTF18ablqhms' 'ZTF18ablqhms' 'ZTF18ablqhms'
 'ZTF18abmbbiu' 'ZTF18abmbbiu' 'ZTF18abmbbiu' 'ZTF18abmbbiu'
 'ZTF18abmkaja' 'ZTF18abmkaja' 'ZTF18abmkaja' 'ZTF18abmkaja'
 'ZTF18abnrdci' 'ZTF18abnrdci' 'ZTF18abnrdci' 'ZTF18abnrdci'
 'ZTF18abnuqbb' 'ZTF18abnuqbb' 'ZTF18abnuqbb' 'ZTF18abnuqbb'
 'ZTF18abqkzlv' 'ZTF18abqkzlv' 'ZTF18abqkzlv' 'ZTF18abqkzlv'
 'ZTF18abrzevn' 'ZTF18abrzevn' 'ZTF18abrzevn' 'ZTF18abrzevn'
 'ZTF18absduqy' 'ZTF18absduqy' 'ZTF18absduqy' 'ZTF18absduqy'
 'ZTF18abslvkt' 'ZTF18abslvkt' 'ZTF18abslvkt' 'ZTF18abslvkt'
 'ZTF18absnhwp' 'ZTF18absnhwp' 'ZTF18absnhwp' 'ZTF18absnhwp'
 'ZTF18abtuobh' 'ZTF18abtuobh' 'ZTF18abtuobh' 'ZTF18abtuobh'
 'ZTF18abuvwgk' 'ZTF18abuvwgk' 'ZTF18abuvwgk' 'ZTF18abuvwgk'
 'ZTF18abuvwgk' 'ZTF18abuvwgk' 'ZTF18abvhpiv' 'ZTF18abvhpiv'
 'ZTF18abvhpiv' 'ZTF18abvhpiv' 'ZTF18acaozxv' 'ZTF18acaozxv'
 'ZTF18acaozxv' 'ZTF18acaozxv' 'ZTF18aceefae' 'ZTF18aceefae'
 'ZTF18aceefae' 'ZTF18aceefae' 'ZTF18acvmijm' 'ZTF18acvmijm'
 'ZTF18acvmijm' 'ZTF18acvmijm' 'ZTF18aczeraz' 'ZTF18aczeraz'
 'ZTF18aczeraz' 'ZTF18aczeraz' 'ZTF18adizfbz' 'ZTF18adizfbz'
 'ZTF18adizfbz' 'ZTF18adizfbz' 'ZTF18adjpdzn' 'ZTF18adjpdzn'
 'ZTF18adjpdzn' 'ZTF18adjpdzn' 'ZTF18adjqudh' 'ZTF18adjqudh'
 'ZTF18adjqudh' 'ZTF18adjqudh' 'ZTF18adqwjfw' 'ZTF18adqwjfw'
 'ZTF18adqwjfw' 'ZTF18adqwjfw' 'ZTF19aaafpqs' 'ZTF19aaafpqs'
 'ZTF19aaafpqs' 'ZTF19aaafpqs' 'ZTF19aaafqfi' 'ZTF19aaafqfi'
 'ZTF19aaafqfi' 'ZTF19aaafqfi' 'ZTF19aamrilw' 'ZTF19aamrilw'
 'ZTF19aamrilw' 'ZTF19aamrilw' 'ZTF19aanyknm' 'ZTF19aanyknm'
 'ZTF19aanyknm' 'ZTF19aanyknm' 'ZTF19aaobvxr' 'ZTF19aaobvxr'
 'ZTF19aaobvxr' 'ZTF19aaobvxr' 'ZTF19aaptbsf' 'ZTF19aaptbsf'
 'ZTF19aaptbsf' 'ZTF19aaptbsf' 'ZTF19aaryfsm' 'ZTF19aaryfsm'
 'ZTF19aaryfsm' 'ZTF19aaryfsm' 'ZTF19aasbwqv' 'ZTF19aasbwqv'
 'ZTF19aasbwqv' 'ZTF19aasbwqv' 'ZTF19aascdla' 'ZTF19aascdla'
 'ZTF19aascdla' 'ZTF19aascdla' 'ZTF19aasevaf' 'ZTF19aasevaf'
 'ZTF19aasevaf' 'ZTF19aasevaf' 'ZTF19aasiukp' 'ZTF19aasiukp'
 'ZTF19aasiukp' 'ZTF19aasiukp' 'ZTF19aasjadu' 'ZTF19aasjadu'
 'ZTF19aasjadu' 'ZTF19aasjadu' 'ZTF19aayjofc' 'ZTF19aayjofc'
 'ZTF19aayjofc' 'ZTF19aayjofc' 'ZTF19abauzsd' 'ZTF19abauzsd'
 'ZTF19abauzsd' 'ZTF19abauzsd' 'ZTF19abhcfnm' 'ZTF19abhcfnm'
 'ZTF19abhcfnm' 'ZTF19abhcfnm' 'ZTF19abulmuc' 'ZTF19abulmuc'
 'ZTF19abulmuc' 'ZTF19abulmuc' 'ZTF19abyfdgi' 'ZTF19abyfdgi'
 'ZTF19abyfdgi' 'ZTF19abyfdgi' 'ZTF20aakodkt' 'ZTF20aakodkt'
 'ZTF20aakodkt' 'ZTF20aakodkt' 'ZTF20aamttqy' 'ZTF20aamttqy'
 'ZTF20aamttqy' 'ZTF20aamttqy' 'ZTF20aaodmdi' 'ZTF20aaodmdi'
 'ZTF20aaodmdi' 'ZTF20aaodmdi' 'ZTF20aavijyr' 'ZTF20aavijyr'
 'ZTF20aavijyr' 'ZTF20aavijyr' 'ZTF20aaxdogb' 'ZTF20aaxdogb'
 'ZTF20aaxdogb' 'ZTF20aaxdogb' 'ZTF20abfrvoj' 'ZTF20abfrvoj'
 'ZTF20abfrvoj' 'ZTF20abfrvoj' 'ZTF20abfuuhk' 'ZTF20abfuuhk'
 'ZTF20abfuuhk' 'ZTF20abfuuhk' 'ZTF20abgsnck' 'ZTF20abgsnck'
 'ZTF20abgsnck' 'ZTF20abgsnck' 'ZTF21aaihchs' 'ZTF21aaihchs'
 'ZTF21aaihchs' 'ZTF21aaihchs' 'ZTF22aaihxyw' 'ZTF22aaihxyw'
 'ZTF22aaihxyw' 'ZTF22aaihxyw' 'ZTF23aagpjmh' 'ZTF23aagpjmh'
 'ZTF23aagpjmh' 'ZTF23aagpjmh']"
33," Get the object identifiers, probabilities in the stamp classifier and light curves (including only non-detections) for objects whose highest probability in the stamp classifier is obtained for class SN, had their first detection in the first 2 days of september, and qualify as fast risers. Also, return the oid, probability, filter ID and the image difference, and filter ID of magstat as 'magstat_fid', with the initial rise estimate. Order the results by the oid and limit the results to 100 rows due to time constraints.",gpt-4o,python,True,"# Sub-query to get oids with highest probability for class 'SN' in the stamp classifier
sub_query_sn_probability = f'''
SELECT
    oid
FROM
    probability
WHERE
    classifier_name = 'stamp_classifier'
    AND class_name = 'SN'
    AND ranking = 1
''' # Sub-query to get oids with first detection in the first 2 days of September 2024
sub_query_first_detection_september = f'''
SELECT
    oid
FROM
    object
WHERE
    firstmjd > 60188.0
    AND firstmjd < 60190.0
''' # Sub-query to get oids that qualify as fast risers
sub_query_fast_risers = f'''
SELECT
    oid
FROM
    magstat
WHERE
    dmdt_first < -0.25
''' # Combine the sub-queries using INTERSECT to get oids that meet all conditions
sub_query_combined_oids = f'''
SELECT
    oid
FROM
    ({sub_query_sn_probability}) AS sn_oids
INTERSECT
SELECT
    oid
FROM
    ({sub_query_first_detection_september}) AS september_oids
INTERSECT
SELECT
    oid
FROM
    ({sub_query_fast_risers}) AS fast_risers_oids
''' # Main query to retrieve the required information
full_query = f'''
SELECT
    p.oid, p.probability, p.filter_id, nd.image_difference, m.fid AS magstat_fid, m.dmdt_first AS initial_rise_estimate
FROM
    ({sub_query_combined_oids}) AS combined_oids
INNER JOIN
    probability p ON combined_oids.oid = p.oid
INNER JOIN
    magstat m ON combined_oids.oid = m.oid
INNER JOIN
    non_detection nd ON combined_oids.oid = nd.oid
WHERE
    p.classifier_name = 'stamp_classifier'
    AND p.class_name = 'SN'
    AND p.ranking = 1
ORDER BY
    p.oid
LIMIT 100
'''","SELECT
    sq.oid, sq.probability, sq.diffmaglim, sq.fid, sq.mjd,
    magstat.fid as magstat_fid, magstat.dmdt_first
FROM
  (
SELECT
   non_detection.fid, non_detection.diffmaglim, non_detection.mjd, obj_oids.oid, obj_oids.probability
FROM
  (
SELECT
    object.oid, probability.probability
FROM
    object INNER JOIN
    probability
    ON object.oid = probability.oid
WHERE
    probability.classifier_name='stamp_classifier'
    AND probability.class_name='SN'
    AND probability.ranking=1
    AND object.firstmjd > 60188.0
    AND object.firstmjd < 60189.0
) as obj_oids
    INNER JOIN
    non_detection ON non_detection.oid = obj_oids.oid
) AS sq
  INNER JOIN magstat
  ON sq.oid = magstat.oid
WHERE
  magstat.dmdt_first < -0.25
ORDER BY oid
LIMIT 100",,,,"(psycopg2.errors.UndefinedColumn) column p.filter_id does not exist
LINE 3:     p.oid, p.probability, p.filter_id, nd.image_difference, ...
                                  ^

[SQL: 
SELECT
    p.oid, p.probability, p.filter_id, nd.image_difference, m.fid AS magstat_fid, m.dmdt_first AS initial_rise_estimate
FROM
    (
SELECT
    oid
FROM
    (
SELECT
    oid
FROM
    probability
WHERE
    classifier_name = 'stamp_classifier'
    AND class_name = 'SN'
    AND ranking = 1
) AS sn_oids
INTERSECT
SELECT
    oid
FROM
    (
SELECT
    oid
FROM
    object
WHERE
    firstmjd > 60188.0
    AND firstmjd < 60190.0
) AS september_oids
INTERSECT
SELECT
    oid
FROM
    (
SELECT
    oid
FROM
    magstat
WHERE
    dmdt_first < -0.25
) AS fast_risers_oids
) AS combined_oids
INNER JOIN
    probability p ON combined_oids.oid = p.oid
INNER JOIN
    magstat m ON combined_oids.oid = m.oid
INNER JOIN
    non_detection nd ON combined_oids.oid = nd.oid
WHERE
    p.classifier_name = 'stamp_classifier'
    AND p.class_name = 'SN'
    AND p.ranking = 1
ORDER BY
    p.oid
LIMIT 100
]
(Background on this error at: https://sqlalche.me/e/20/f405)","{'Schema Linking': {'input_tokens': 3916, 'output_tokens': 11, 'total_tokens': 3927, 'total_cost': 0.0, 'input_cost': 0.00979, 'output_cost': 0.00011, 'new_total_cost': 0.0099}, 'Classification': {'input_tokens': 498, 'output_tokens': 3, 'total_tokens': 501, 'input_cost': 0.001245, 'output_cost': 3e-05, 'total_cost': 0.001275, 'new_total_cost': 0.001275}, 'Decompostion': {'input_tokens': 4240, 'output_tokens': 686, 'total_tokens': 4926, 'input_cost': 0.0106, 'output_cost': 0.00686, 'total_cost': 0.01746, 'new_total_cost': 0.01746}, 'Query generation': {'input_tokens': 2072, 'output_tokens': 447, 'total_tokens': 2519, 'input_cost': 0.00518, 'output_cost': 0.00447, 'total_cost': 0.009649999999999999, 'new_total_cost': 0.009649999999999999}, 'Self-correction': {'input_tokens': 4437, 'output_tokens': 443, 'total_tokens': 4880, 'input_cost': 0.0110925, 'output_cost': 0.00443, 'total_cost': 0.0155225}}","             oid  probability  diffmaglim  fid           mjd  magstat_fid  \
0   ZTF18aaiaclp     0.520409     20.4159    1  60161.201343            2   
1   ZTF18aaiaclp     0.520409     20.5201    1  60161.206146            2   
2   ZTF18aaiaclp     0.520409     19.7568    1  60161.283750            2   
3   ZTF18aaiaclp     0.520409     19.5815    1  60163.299884            2   
4   ZTF18aaiaclp     0.520409     19.7775    1  60163.300359            2   
..           ...          ...         ...  ...           ...          ...   
95  ZTF18aaleydm     0.613368     16.7941    2  60158.233981            2   
96  ZTF18aaleydm     0.613368     19.9087    2  60161.343796            2   
97  ZTF18aaleydm     0.613368     20.2772    2  60163.288322            2   
98  ZTF18aaleydm     0.613368     20.6824    2  60165.215347            2   
99  ZTF18aaleydm     0.613368     20.2314    2  60169.290069            2   

    dmdt_first  
0    -0.445361  
1    -0.445361  
2    -0.445361  
3    -0.445361  
4    -0.445361  
..         ...  
95   -0.830610  
96   -0.830610  
97   -0.830610  
98   -0.830610  
99   -0.830610  

[100 rows x 7 columns]",['oid' 'probability' 'diffmaglim' 'fid' 'mjd' 'magstat_fid' 'dmdt_first'],"['ZTF18aaiaclp' 'ZTF18aaiaclp' 'ZTF18aaiaclp' 'ZTF18aaiaclp'
 'ZTF18aaiaclp' 'ZTF18aaiaclp' 'ZTF18aaiaclp' 'ZTF18aaiaclp'
 'ZTF18aaiaclp' 'ZTF18aaiaclp' 'ZTF18aaiaclp' 'ZTF18aaiaclp'
 'ZTF18aaiaclp' 'ZTF18aaiaclp' 'ZTF18aaiaclp' 'ZTF18aaiaclp'
 'ZTF18aaiaclp' 'ZTF18aaiaclp' 'ZTF18aaiaclp' 'ZTF18aaiaclp'
 'ZTF18aaiaclp' 'ZTF18aaiaclp' 'ZTF18aaiaclp' 'ZTF18aaiaclp'
 'ZTF18aaiaclp' 'ZTF18aaiaclp' 'ZTF18aaiaclp' 'ZTF18aaiaclp'
 'ZTF18aaiaclp' 'ZTF18aaiaclp' 'ZTF18aaiaclp' 'ZTF18aaiaclp'
 'ZTF18aaiaclp' 'ZTF18aaiaclp' 'ZTF18aaiaclp' 'ZTF18aaiaclp'
 'ZTF18aaiaclp' 'ZTF18aaiaclp' 'ZTF18aaiaclp' 'ZTF18aaiaclp'
 'ZTF18aaiaclp' 'ZTF18aaiaclp' 'ZTF18aaiaclp' 'ZTF18aaiaclp'
 'ZTF18aaiaclp' 'ZTF18aaiaclp' 'ZTF18aakjgzj' 'ZTF18aakjgzj'
 'ZTF18aakjgzj' 'ZTF18aakjgzj' 'ZTF18aakjgzj' 'ZTF18aakjgzj'
 'ZTF18aakjgzj' 'ZTF18aakjgzj' 'ZTF18aakjgzj' 'ZTF18aakjgzj'
 'ZTF18aakjgzj' 'ZTF18aakjgzj' 'ZTF18aakjgzj' 'ZTF18aakjgzj'
 'ZTF18aakjgzj' 'ZTF18aakjgzj' 'ZTF18aakjgzj' 'ZTF18aakjgzj'
 'ZTF18aakjgzj' 'ZTF18aakjgzj' 'ZTF18aakjgzj' 'ZTF18aakjgzj'
 'ZTF18aakjgzj' 'ZTF18aakjgzj' 'ZTF18aakjgzj' 'ZTF18aakjgzj'
 'ZTF18aakjgzj' 'ZTF18aakjgzj' 'ZTF18aakjgzj' 'ZTF18aakjgzj'
 'ZTF18aakjgzj' 'ZTF18aakjgzj' 'ZTF18aakjgzj' 'ZTF18aakjgzj'
 'ZTF18aakjgzj' 'ZTF18aakjgzj' 'ZTF18aakjgzj' 'ZTF18aakjgzj'
 'ZTF18aakjgzj' 'ZTF18aaleydm' 'ZTF18aaleydm' 'ZTF18aaleydm'
 'ZTF18aaleydm' 'ZTF18aaleydm' 'ZTF18aaleydm' 'ZTF18aaleydm'
 'ZTF18aaleydm' 'ZTF18aaleydm' 'ZTF18aaleydm' 'ZTF18aaleydm'
 'ZTF18aaleydm' 'ZTF18aaleydm' 'ZTF18aaleydm' 'ZTF18aaleydm']"
34,"Find at most 200 ZTF objects that satisfy the following conditions: have a distance to the nearest PS1 source larger than 5 arcsec, and have a probability larger than 0.7 of being in a class other than supernova in the light curve classifier. Return all columns from the 'object', 'probability' and 'ps1_ztf' table for such objects, and order the results by the nearest PS1 source distance.",gpt-4o,python,True,"# Sub-query: Probability Filtering
sub_query_probability = f'''
SELECT
    oid
FROM
    probability
WHERE
    classifier_name = 'lc_classifier'
    AND ranking = 1
    AND probability > 0.7
    AND class_name NOT IN ('SNIa', 'SNIbc', 'SNII', 'SLSN')
''' # Sub-query: Distance Filtering
sub_query_distance = f'''
SELECT
    oid
FROM
    ps1_ztf
WHERE
    distpsnr1 > 5
''' # Intersect Sub-queries
sub_query_intersect = f'''
SELECT
    oid
FROM
    ({sub_query_probability}) AS prob_filtered
INTERSECT
SELECT
    oid
FROM
    ({sub_query_distance}) AS dist_filtered
''' # Main Query: Object Retrieval
full_query = f'''
SELECT
    object.*, probability.*, ps1_ztf.*
FROM
    object
INNER JOIN
    probability ON object.oid = probability.oid
INNER JOIN
    ps1_ztf ON object.oid = ps1_ztf.oid
WHERE
    object.oid IN ({sub_query_intersect})
ORDER BY
    ps1_ztf.distpsnr1
LIMIT 200
'''","SELECT
    *
FROM
    object INNER JOIN
    probability
    ON object.oid = probability.oid
    INNER JOIN
    ps1_ztf
    ON object.oid = ps1_ztf.oid
WHERE
    classifier_name = 'lc_classifier'
    AND class_name NOT IN ('SNIa','SNII','SNIbc','SLSN')
    AND probability > 0.7
    AND distpsnr1 > 5
ORDER BY distpsnr1
LIMIT 200
",,,,"(psycopg2.errors.QueryCanceled) canceling statement due to statement timeout

[SQL: 
SELECT
    object.*, probability.*, ps1_ztf.*
FROM
    object
INNER JOIN
    probability ON object.oid = probability.oid
INNER JOIN
    ps1_ztf ON object.oid = ps1_ztf.oid
WHERE
    object.oid IN (
SELECT
    oid
FROM
    (
SELECT
    oid
FROM
    probability
WHERE
    classifier_name = 'lc_classifier'
    AND ranking = 1
    AND probability > 0.7
    AND class_name NOT IN ('SNIa', 'SNIbc', 'SNII', 'SLSN')
) AS prob_filtered
INTERSECT
SELECT
    oid
FROM
    (
SELECT
    oid
FROM
    ps1_ztf
WHERE
    distpsnr1 > 5
) AS dist_filtered
)
ORDER BY
    ps1_ztf.distpsnr1
LIMIT 200
]
(Background on this error at: https://sqlalche.me/e/20/e3q8)","{'Schema Linking': {'input_tokens': 3950, 'output_tokens': 11, 'total_tokens': 3961, 'total_cost': 0.0, 'input_cost': 0.009875, 'output_cost': 0.00011, 'new_total_cost': 0.009985}, 'Classification': {'input_tokens': 480, 'output_tokens': 3, 'total_tokens': 483, 'input_cost': 0.0012, 'output_cost': 3e-05, 'total_cost': 0.00123, 'new_total_cost': 0.00123}, 'Decompostion': {'input_tokens': 4222, 'output_tokens': 497, 'total_tokens': 4719, 'input_cost': 0.010555, 'output_cost': 0.00497, 'total_cost': 0.015525, 'new_total_cost': 0.015525}, 'Query generation': {'input_tokens': 1865, 'output_tokens': 269, 'total_tokens': 2134, 'input_cost': 0.0046625, 'output_cost': 0.00269, 'total_cost': 0.0073525, 'new_total_cost': 0.0073525}, 'Self-correction': {'input_tokens': 4129, 'output_tokens': 444, 'total_tokens': 4573, 'input_cost': 0.0103225, 'output_cost': 0.00444, 'total_cost': 0.014762500000000001}}","            oid  ndethist  ncovhist  mjdstarthist    mjdendhist  corrected  \
0  ZTF20acoknjv        59       838  59153.503218  60651.482951       True   
1  ZTF20acoknjv        59       838  59153.503218  60651.482951       True   
2  ZTF20acoknjv        59       838  59153.503218  60651.482951       True   
3  ZTF20acoknjv        59       838  59153.503218  60651.482951       True   
4  ZTF20abfttkl       157       618  58992.250000  60206.250000       True   
5  ZTF20aaqvvup       291      2197  58487.255567  60292.506366       True   

   stellar  ndet   g_r_max  g_r_max_corr  ...    sgmag3    srmag3   simag3  \
0    False    57       NaN           NaN  ... -999.0000 -999.0000 -999.000   
1    False    57       NaN           NaN  ... -999.0000 -999.0000 -999.000   
2    False    57       NaN           NaN  ...   18.1699   17.7471   17.525   
3    False    57       NaN           NaN  ...   18.1699   17.7471   17.525   
4    False   129 -0.129404      0.314863  ... -999.0000 -999.0000 -999.000   
5    False   197  0.213743      0.115465  ... -999.0000 -999.0000 -999.000   

     szmag3  sgscore3   distpsnr3  nmtchps  unique1  unique2 unique3  
0   18.5940       0.5   20.389175       13    False    False   False  
1   18.5940       0.5   20.684048       13    False    False   False  
2   17.4021       0.5   20.354027       13    False    False   False  
3   17.4021       0.5   20.266893       13    False    False   False  
4 -999.0000    -999.0 -999.000000        2    False    False   False  
5 -999.0000    -999.0 -999.000000        1    False    False   False  

[6 rows x 55 columns]","['oid' 'ndethist' 'ncovhist' 'mjdstarthist' 'mjdendhist' 'corrected'
 'stellar' 'ndet' 'g_r_max' 'g_r_max_corr' 'g_r_mean' 'g_r_mean_corr'
 'meanra' 'meandec' 'sigmara' 'sigmadec' 'deltajd' 'firstmjd' 'lastmjd'
 'step_id_corr' 'diffpos' 'reference_change' 'oid' 'classifier_name'
 'classifier_version' 'class_name' 'probability' 'ranking' 'oid' 'candid'
 'objectidps1' 'sgmag1' 'srmag1' 'simag1' 'szmag1' 'sgscore1' 'distpsnr1'
 'objectidps2' 'sgmag2' 'srmag2' 'simag2' 'szmag2' 'sgscore2' 'distpsnr2'
 'objectidps3' 'sgmag3' 'srmag3' 'simag3' 'szmag3' 'sgscore3' 'distpsnr3'
 'nmtchps' 'unique1' 'unique2' 'unique3']","[['ZTF20acoknjv' 'ZTF20acoknjv' 'ZTF20acoknjv']
 ['ZTF20acoknjv' 'ZTF20acoknjv' 'ZTF20acoknjv']
 ['ZTF20acoknjv' 'ZTF20acoknjv' 'ZTF20acoknjv']
 ['ZTF20acoknjv' 'ZTF20acoknjv' 'ZTF20acoknjv']
 ['ZTF20abfttkl' 'ZTF20abfttkl' 'ZTF20abfttkl']
 ['ZTF20aaqvvup' 'ZTF20aaqvvup' 'ZTF20aaqvvup']]"
35,"Find at most 10 ZTF objects that have a first detection date later than mjd=60310 days, as well as a probability of 1 of being an asteroid in the stamp classifier, ordered by the first detection date. Return all columns from the 'forced_photometry' table for such objects",gpt-4o,python,True,"# Sub-query to get oids with first detection date later than mjd=60310
sub_query_first_detection = f'''
SELECT oid
FROM object
WHERE firstmjd > 60310
''' # Sub-query to get oids with probability of 1 of being an asteroid in the stamp classifier
sub_query_asteroid_probability = f'''
SELECT DISTINCT oid
FROM probability
WHERE classifier_name='stamp_classifier'
AND class_name='asteroid'
AND probability=1
AND ranking=1
''' # Intersect the two sub-queries to get oids that satisfy both conditions
sub_query_intersect = f'''
SELECT oid
FROM ({sub_query_first_detection}) AS first_detection
INTERSECT
SELECT oid
FROM ({sub_query_asteroid_probability}) AS asteroid_probability
''' # Main query to get all columns from forced_photometry for the filtered oids
full_query = f'''
SELECT *
FROM forced_photometry
WHERE oid IN ({sub_query_intersect})
ORDER BY oid
LIMIT 10
'''","SELECT
    *
FROM
    forced_photometry
WHERE
    oid in
(
SELECT
    object.oid
FROM
    object INNER JOIN
    probability
    ON object.oid = probability.oid
WHERE
    firstmjd > 60310
    AND classifier_name = 'stamp_classifier'
    AND class_name = 'asteroid'
    AND probability = 1
ORDER BY firstmjd
LIMIT 10
)
",,,,"(psycopg2.errors.QueryCanceled) canceling statement due to statement timeout

[SQL: 
SELECT *
FROM forced_photometry
WHERE oid IN (
SELECT oid
FROM (
SELECT oid
FROM object
WHERE firstmjd > 60310
) AS first_detection
INTERSECT
SELECT oid
FROM (
SELECT DISTINCT oid
FROM probability
WHERE classifier_name='stamp_classifier'
AND class_name='asteroid'
AND probability=1
AND ranking=1
) AS asteroid_probability
)
ORDER BY oid
LIMIT 10
]
(Background on this error at: https://sqlalche.me/e/20/e3q8)","{'Schema Linking': {'input_tokens': 3893, 'output_tokens': 10, 'total_tokens': 3903, 'total_cost': 0.0, 'input_cost': 0.0097325, 'output_cost': 0.0001, 'new_total_cost': 0.0098325}, 'Classification': {'input_tokens': 449, 'output_tokens': 3, 'total_tokens': 452, 'input_cost': 0.0011225, 'output_cost': 3e-05, 'total_cost': 0.0011525, 'new_total_cost': 0.0011525}, 'Decompostion': {'input_tokens': 4192, 'output_tokens': 624, 'total_tokens': 4816, 'input_cost': 0.01048, 'output_cost': 0.00624, 'total_cost': 0.01672, 'new_total_cost': 0.01672}, 'Query generation': {'input_tokens': 1962, 'output_tokens': 216, 'total_tokens': 2178, 'input_cost': 0.004905, 'output_cost': 0.00216, 'total_cost': 0.007065, 'new_total_cost': 0.007065}, 'Self-correction': {'input_tokens': 4046, 'output_tokens': 280, 'total_tokens': 4326, 'input_cost': 0.010115, 'output_cost': 0.0028, 'total_cost': 0.012915000000000001}}","              pid           oid           mjd  fid          ra        dec  \
0   2530158592915  ZTF24aaaajnz  60284.158600    2  356.638975  47.487980   
1   2530219763015  ZTF24aaaajnz  60284.219768    1  356.638975  47.487980   
2   2534136721615  ZTF24aaaajnz  60288.136724    1  356.638975  47.487980   
3   2534197701615  ZTF24aaaajnz  60288.197708    2  356.638975  47.487980   
4   2536180323015  ZTF24aaaajnz  60290.180324    2  356.638975  47.487980   
..            ...           ...           ...  ...         ...        ...   
64  2536143512415  ZTF24aaaajsp  60290.143519    2  340.820096  46.927049   
65  2534221122415  ZTF24aaaajsp  60288.221123    2  340.820096  46.927049   
66  2534136252415  ZTF24aaaajsp  60288.136250    1  340.820096  46.927049   
67  2530138582415  ZTF24aaaajsp  60284.138588    2  340.820096  46.927049   
68  2530118462415  ZTF24aaaajsp  60284.118461    1  340.820096  46.927049   

    e_ra e_dec         mag       e_mag  ...  diffmaglim  programid  \
0   None  None  100.000000  100.000000  ...   20.395599          1   
1   None  None  100.000000  100.000000  ...   20.335699          1   
2   None  None   24.218550    5.723178  ...   20.183001          1   
3   None  None   21.659468    0.900523  ...   19.729099          1   
4   None  None  100.000000  100.000000  ...   20.528500          1   
..   ...   ...         ...         ...  ...         ...        ...   
64  None  None   22.721621    1.108646  ...   20.472601          1   
65  None  None   23.318583    5.318606  ...   19.507900          1   
66  None  None   24.333900    6.619290  ...   20.122700          1   
67  None  None   23.181665    1.554161  ...   20.576700          1   
68  None  None   23.188475    1.678015  ...   20.609200          1   

    procstatus        distnr          ranr         decnr      magnr  \
0           61 -99999.000000 -99999.000000 -99999.000000 -99999.000   
1           61 -99999.000000 -99999.000000 -99999.000000 -99999.000   
2            0 -99999.000000 -99999.000000 -99999.000000 -99999.000   
3           56 -99999.000000 -99999.000000 -99999.000000 -99999.000   
4           61 -99999.000000 -99999.000000 -99999.000000 -99999.000   
..         ...           ...           ...           ...        ...   
64           0      4.621940    340.821625     46.927788     17.041   
65           0      4.621940    340.821625     46.927788     17.041   
66           0      4.609645    340.821625     46.927795     17.605   
67           0      4.621940    340.821625     46.927788     17.041   
68           0      4.609645    340.821625     46.927795     17.605   

     sigmagnr      chinr    sharpnr  
0  -99999.000 -99999.000 -99999.000  
1  -99999.000 -99999.000 -99999.000  
2  -99999.000 -99999.000 -99999.000  
3  -99999.000 -99999.000 -99999.000  
4  -99999.000 -99999.000 -99999.000  
..        ...        ...        ...  
64      0.017      0.740     -0.052  
65      0.017      0.740     -0.052  
66      0.021      0.903     -0.069  
67      0.017      0.740     -0.052  
68      0.021      0.903     -0.069  

[69 rows x 42 columns]","['pid' 'oid' 'mjd' 'fid' 'ra' 'dec' 'e_ra' 'e_dec' 'mag' 'e_mag'
 'mag_corr' 'e_mag_corr' 'e_mag_corr_ext' 'isdiffpos' 'corrected'
 'dubious' 'parent_candid' 'has_stamp' 'field' 'rcid' 'rfid'
 'sciinpseeing' 'scibckgnd' 'scisigpix' 'magzpsci' 'magzpsciunc'
 'magzpscirms' 'clrcoeff' 'clrcounc' 'exptime' 'adpctdif1' 'adpctdif2'
 'diffmaglim' 'programid' 'procstatus' 'distnr' 'ranr' 'decnr' 'magnr'
 'sigmagnr' 'chinr' 'sharpnr']","['ZTF24aaaajnz' 'ZTF24aaaajnz' 'ZTF24aaaajnz' 'ZTF24aaaajnz'
 'ZTF24aaaajnz' 'ZTF24aaaajnz' 'ZTF24aaaajws' 'ZTF24aaaajws'
 'ZTF24aaaajws' 'ZTF24aaaajws' 'ZTF24aaaajws' 'ZTF24aaaajws'
 'ZTF24aaaajor' 'ZTF24aaaajor' 'ZTF24aaaajor' 'ZTF24aaaajor'
 'ZTF24aaaajor' 'ZTF24aaaajor' 'ZTF24aaaajcx' 'ZTF24aaaajcx'
 'ZTF24aaaajcx' 'ZTF24aaaajcx' 'ZTF24aaaajcx' 'ZTF24aaaajqo'
 'ZTF24aaaajqo' 'ZTF24aaaajqo' 'ZTF24aaaajqo' 'ZTF24aaaajqo'
 'ZTF24aaaajqo' 'ZTF24aaaakhc' 'ZTF24aaaakhc' 'ZTF24aaaakhc'
 'ZTF24aaaakhc' 'ZTF24aaaakhc' 'ZTF24aaaakhc' 'ZTF24aaaakhc'
 'ZTF24aaaakhc' 'ZTF24aaaajzf' 'ZTF24aaaajzf' 'ZTF24aaaajzf'
 'ZTF24aaaajzf' 'ZTF24aaaajzf' 'ZTF24aaaajzf' 'ZTF24aaaajjf'
 'ZTF24aaaajjf' 'ZTF24aaaajjf' 'ZTF24aaaajjf' 'ZTF24aaaajjf'
 'ZTF24aaaajjf' 'ZTF24aaaajjf' 'ZTF24aaaajjf' 'ZTF24aaaajjf'
 'ZTF24aaaajjf' 'ZTF24aaaajjf' 'ZTF24aaaajjf' 'ZTF24aaaajjf'
 'ZTF24aaaajuw' 'ZTF24aaaajuw' 'ZTF24aaaajuw' 'ZTF24aaaajuw'
 'ZTF24aaaajuw' 'ZTF24aaaajuw' 'ZTF24aaaajuw' 'ZTF24aaaajsp'
 'ZTF24aaaajsp' 'ZTF24aaaajsp' 'ZTF24aaaajsp' 'ZTF24aaaajsp'
 'ZTF24aaaajsp']"
36,"Find at most 50 ZTF objects that satisfy the following conditions: have a probability larger than 0.6 of being an AGN in the light curve classifier, and a WISE W1 magnitude between 12 and 13. Return all columns from the 'magstat' table for such objects",gpt-4o,python,True,"# Sub-query to select object identifiers (oids) from the 'probability' table
# where the classifier is 'lc_classifier', the class is 'AGN', and the probability is greater than 0.6.
sub_query_probability = f'''
SELECT
    oid
FROM
    probability
WHERE
    classifier_name = 'lc_classifier'
    AND class_name = 'AGN'
    AND probability > 0.6
    AND ranking = 1
''' # Sub-query to select oids from the 'allwise' table where the W1 magnitude (w1mpro) is between 12 and 13.
sub_query_allwise = f'''
SELECT
    oid
FROM
    allwise
WHERE
    w1mpro BETWEEN 12 AND 13
''' # Main query to combine the results of the two sub-queries and select all columns from 'magstat'
# where the oid is in the list of combined oids. Limit the results to 50 objects.
full_query = f'''
SELECT
    *
FROM
    magstat
WHERE
    oid IN (
        SELECT
            oid
        FROM
            ({sub_query_probability}) AS prob
        INNER JOIN
            ({sub_query_allwise}) AS wise
        ON
            prob.oid = wise.oid
    )
LIMIT 50
'''","SELECT
    *
FROM
    magstat
WHERE
    oid IN
(
SELECT
    probability.oid
FROM
    probability INNER JOIN
    xmatch
    ON probability.oid = xmatch.oid
    INNER JOIN
    allwise
    ON xmatch.oid_catalog = allwise.oid_catalog
WHERE
    w1mpro > 12
    AND w1mpro < 13
    AND classifier_name = 'lc_classifier'
    AND class_name = 'AGN'
    AND probability > 0.6
LIMIT 50
)",,,,"(psycopg2.errors.AmbiguousColumn) column reference ""oid"" is ambiguous
LINE 9:             oid
                    ^

[SQL: 
SELECT
    *
FROM
    magstat
WHERE
    oid IN (
        SELECT
            oid
        FROM
            (
SELECT
    oid
FROM
    probability
WHERE
    classifier_name = 'lc_classifier'
    AND class_name = 'AGN'
    AND probability > 0.6
    AND ranking = 1
) AS prob
        INNER JOIN
            (
SELECT
    oid
FROM
    allwise
WHERE
    w1mpro BETWEEN 12 AND 13
) AS wise
        ON
            prob.oid = wise.oid
    )
LIMIT 50
]
(Background on this error at: https://sqlalche.me/e/20/f405)","{'Schema Linking': {'input_tokens': 3919, 'output_tokens': 10, 'total_tokens': 3929, 'total_cost': 0.0, 'input_cost': 0.0097975, 'output_cost': 0.0001, 'new_total_cost': 0.0098975}, 'Classification': {'input_tokens': 448, 'output_tokens': 3, 'total_tokens': 451, 'input_cost': 0.00112, 'output_cost': 3e-05, 'total_cost': 0.00115, 'new_total_cost': 0.00115}, 'Decompostion': {'input_tokens': 3928, 'output_tokens': 428, 'total_tokens': 4356, 'input_cost': 0.00982, 'output_cost': 0.00428, 'total_cost': 0.014100000000000001, 'new_total_cost': 0.014100000000000001}, 'Query generation': {'input_tokens': 1467, 'output_tokens': 280, 'total_tokens': 1747, 'input_cost': 0.0036675, 'output_cost': 0.0028, 'total_cost': 0.0064675, 'new_total_cost': 0.0064675}, 'Self-correction': {'input_tokens': 4058, 'output_tokens': 295, 'total_tokens': 4353, 'input_cost': 0.010145, 'output_cost': 0.00295, 'total_cost': 0.013094999999999999}}","              oid  fid  stellar  corrected  ndet  ndubious  dmdt_first  \
0    ZTF19acccyyt    1    False       True   147         0         NaN   
1    ZTF19acccyyt    2    False       True   166         0         NaN   
2    ZTF19aadblpm    1    False       True   170         0         NaN   
3    ZTF19aadblpm    2    False       True   146         0         NaN   
4    ZTF22abxzvrs    1    False       True   106         0         NaN   
..            ...  ...      ...        ...   ...       ...         ...   
107  ZTF17aaaxudr    2    False       True    36         0         NaN   
108  ZTF18acbycof    1     True       True     6         0         NaN   
109  ZTF18acbycof    2     True       True    10         0         NaN   
110  ZTF18abjwcao    1    False       True    95         1    0.049295   
111  ZTF18abjwcao    2    False       True    59         0   -2.404888   

     dm_first  sigmadm_first   dt_first  ...  magmedian_corr  magmax_corr  \
0         NaN            NaN        NaN  ...       18.343805    18.343805   
1         NaN            NaN        NaN  ...       17.794548    17.812649   
2         NaN            NaN        NaN  ...             NaN          NaN   
3         NaN            NaN        NaN  ...       18.059278    18.067684   
4         NaN            NaN        NaN  ...       18.672232    18.743550   
..        ...            ...        ...  ...             ...          ...   
107       NaN            NaN        NaN  ...       17.316511    17.329798   
108       NaN            NaN        NaN  ...       17.237503    17.254923   
109       NaN            NaN        NaN  ...       16.987440    17.048979   
110  0.744143     -18.940040  18.979607  ...       17.076435    17.229979   
111 -2.667400     -20.529835   1.015405  ...       16.422935    16.721390   

     magmin_corr  magsigma_corr  maglast_corr  magfirst_corr   firstmjd  \
0      18.343805       0.000000     18.343805            NaN  58758.500   
1      17.776447       0.018101     17.776447            NaN  58758.523   
2            NaN            NaN           NaN            NaN  58480.266   
3      18.050875       0.008405     18.067684            NaN  58493.130   
4      18.546404       0.055595     18.546404            NaN  59887.273   
..           ...            ...           ...            ...        ...   
107    17.303225       0.013287     17.329798            NaN  59119.477   
108    17.131426            NaN     17.234760      17.244194  58397.360   
109    16.947750            NaN     17.048979      17.007450  58423.310   
110    16.950580       0.063664     17.125437      16.970285  58850.550   
111    16.100300       0.073840     16.466839      16.100300  58915.530   

       lastmjd        step_id_corr  saturation_rate  
0    60650.380              26.0.0              0.0  
1    60652.465              26.0.0              0.0  
2    60650.340              26.0.0              0.0  
3    60652.170              26.0.0              0.0  
4    60640.297              24.5.1              0.0  
..         ...                 ...              ...  
107  60374.266          ALeRCE ZTF              0.0  
108  58514.176  bulk_version_0.0.1              0.0  
109  58493.113  bulk_version_0.0.1              0.0  
110  60098.290               1.2.0              0.0  
111  60102.230               1.2.0              0.0  

[112 rows x 28 columns]","['oid' 'fid' 'stellar' 'corrected' 'ndet' 'ndubious' 'dmdt_first'
 'dm_first' 'sigmadm_first' 'dt_first' 'magmean' 'magmedian' 'magmax'
 'magmin' 'magsigma' 'maglast' 'magfirst' 'magmean_corr' 'magmedian_corr'
 'magmax_corr' 'magmin_corr' 'magsigma_corr' 'maglast_corr'
 'magfirst_corr' 'firstmjd' 'lastmjd' 'step_id_corr' 'saturation_rate']","['ZTF19acccyyt' 'ZTF19acccyyt' 'ZTF19aadblpm' 'ZTF19aadblpm'
 'ZTF22abxzvrs' 'ZTF22abxzvrs' 'ZTF22abxzvrs' 'ZTF18aajmsxl'
 'ZTF18aajmsxl' 'ZTF22aadhosm' 'ZTF22aadhosm' 'ZTF20abgbwbb'
 'ZTF20abgbwbb' 'ZTF20aaxxtoh' 'ZTF20aaxxtoh' 'ZTF18abuvuhb'
 'ZTF18abuvuhb' 'ZTF18abuvuhb' 'ZTF19abjgeko' 'ZTF19abjgeko'
 'ZTF18aasrwgz' 'ZTF18aasrwgz' 'ZTF18aasrwgz' 'ZTF18aaxmawb'
 'ZTF18aaxmawb' 'ZTF19aaweqnm' 'ZTF19aaweqnm' 'ZTF19aaweqnm'
 'ZTF18adixcug' 'ZTF18adixcug' 'ZTF21ababatx' 'ZTF21ababatx'
 'ZTF19abhjvps' 'ZTF19abhjvps' 'ZTF18aaqqcaj' 'ZTF18aaqqcaj'
 'ZTF18accdcjw' 'ZTF18accdcjw' 'ZTF18acauwik' 'ZTF18acauwik'
 'ZTF18acauwik' 'ZTF18aceqxwp' 'ZTF18aceqxwp' 'ZTF18aalowgr'
 'ZTF18aalowgr' 'ZTF21aaabsml' 'ZTF21aaabsml' 'ZTF18aamfxav'
 'ZTF18aamfxav' 'ZTF19adajtxe' 'ZTF19adajtxe' 'ZTF20achqjwc'
 'ZTF20achqjwc' 'ZTF20achqjwc' 'ZTF18aclmnmg' 'ZTF18aclmnmg'
 'ZTF18acooovz' 'ZTF18acooovz' 'ZTF19aaptufk' 'ZTF23abpqica'
 'ZTF23abpqica' 'ZTF19aaxkfwn' 'ZTF19aaxkfwn' 'ZTF19aacpsrl'
 'ZTF19aacpsrl' 'ZTF20abcabkt' 'ZTF20abcabkt' 'ZTF20abefbzi'
 'ZTF20abefbzi' 'ZTF18abaljsv' 'ZTF18abaljsv' 'ZTF18abaljsv'
 'ZTF20abrehdb' 'ZTF20abrehdb' 'ZTF18aalsbug' 'ZTF18aalsbug'
 'ZTF19aaprejp' 'ZTF19aaprejp' 'ZTF19aaprejp' 'ZTF19abbxrlb'
 'ZTF19abbxrlb' 'ZTF19abiwpdm' 'ZTF19abiwpdm' 'ZTF20aakdzwh'
 'ZTF20aakdzwh' 'ZTF19aaapmca' 'ZTF19aaapmca' 'ZTF19aaapmca'
 'ZTF19aayocpp' 'ZTF19aayocpp' 'ZTF18abvbpkf' 'ZTF18abvbpkf'
 'ZTF18adjomns' 'ZTF18adjomns' 'ZTF18adjomns' 'ZTF19aayijro'
 'ZTF19aayijro' 'ZTF19aayijro' 'ZTF18abtsddf' 'ZTF18abtsddf'
 'ZTF19aaapjjd' 'ZTF19aaapjjd' 'ZTF19aaapjjd' 'ZTF19aalzdfg'
 'ZTF19aalzdfg' 'ZTF19aalzdfg' 'ZTF17aaaxudr' 'ZTF17aaaxudr'
 'ZTF18acbycof' 'ZTF18acbycof' 'ZTF18abjwcao' 'ZTF18abjwcao']"
37,"Find at most 30 ZTF objects that have a probability larger than 0.9 of being an asteroid in the stamp classifier version 'stamp_classifier_1.0.4'. Return the following columns: identifier of the ZTF and candidate, distance from the nearest Solar System object, MPC archive magnitude and name. Include also the following columns related to each candidate in the output table: filter identifier, FWHM from SExtractor, number of PS1 calibrators used, and exposure time",gpt-4o,python,True,"# Sub-query: Probability Filtering
sub_query_probability = f'''
SELECT DISTINCT
    probability.oid
FROM
    probability
WHERE
    probability.classifier_name = 'stamp_classifier'
    AND probability.classifier_version = 'stamp_classifier_1.0.4'
    AND probability.class_name = 'asteroid'
    AND probability.probability > 0.9
    AND probability.ranking = 1
''' # Sub-query: Candidate Information
sub_query_candidate = f'''
SELECT
    ss_ztf.oid, ss_ztf.candid, ss_ztf.ssdistnr, ss_ztf.ssmagnr, ss_ztf.ssnamenr
FROM
    ss_ztf
    INNER JOIN ({sub_query_probability}) AS prob_oids
    ON ss_ztf.oid = prob_oids.oid
''' # Sub-query: Data Quality Information
sub_query_dataquality = f'''
SELECT
    dataquality.candid, dataquality.fwhm, dataquality.exptime
FROM
    dataquality
    INNER JOIN ({sub_query_candidate}) AS cand_info
    ON dataquality.candid = cand_info.candid
''' # Sub-query: PS1 Calibrators Information
sub_query_ps1 = f'''
SELECT
    ps1_ztf.oid, ps1_ztf.ncal_ps1
FROM
    ps1_ztf
    INNER JOIN ({sub_query_probability}) AS prob_oids
    ON ps1_ztf.oid = prob_oids.oid
''' # Main Query Construction
full_query = f'''
SELECT
    cand_info.oid, cand_info.candid, cand_info.ssdistnr, cand_info.ssmagnr, cand_info.ssnamenr,
    dataquality.fwhm, ps1_ztf.ncal_ps1, dataquality.exptime
FROM
    ({sub_query_candidate}) AS cand_info
    INNER JOIN ({sub_query_dataquality}) AS dataquality
    ON cand_info.candid = dataquality.candid
    INNER JOIN ({sub_query_ps1}) AS ps1_ztf
    ON cand_info.oid = ps1_ztf.oid
LIMIT 30
'''","SELECT
    sq1.oid,
    ss_ztf.candid, ss_ztf.ssdistnr, ss_ztf.ssmagnr,
    ss_ztf.ssnamenr, dataquality.fid,
    dataquality.fwhm, dataquality.nmatches,
    dataquality.exptime
FROM
(
SELECT
    *
FROM
    probability
WHERE
    classifier_name = 'stamp_classifier'
    AND class_name = 'asteroid'
    AND probability > 0.9
    AND classifier_version = 'stamp_classifier_1.0.4'
LIMIT 30
) as sq1
INNER JOIN
ss_ztf
ON sq1.oid = ss_ztf.oid
INNER JOIN
dataquality
ON ss_ztf.oid = dataquality.oid
AND ss_ztf.candid = dataquality.candid",,,,"(psycopg2.errors.UndefinedColumn) column ps1_ztf.ncal_ps1 does not exist
LINE 54:     ps1_ztf.oid, ps1_ztf.ncal_ps1
                          ^

[SQL: 
SELECT
    cand_info.oid, cand_info.candid, cand_info.ssdistnr, cand_info.ssmagnr, cand_info.ssnamenr,
    dataquality.fwhm, ps1_ztf.ncal_ps1, dataquality.exptime
FROM
    (
SELECT
    ss_ztf.oid, ss_ztf.candid, ss_ztf.ssdistnr, ss_ztf.ssmagnr, ss_ztf.ssnamenr
FROM
    ss_ztf
    INNER JOIN (
SELECT DISTINCT
    probability.oid
FROM
    probability
WHERE
    probability.classifier_name = 'stamp_classifier'
    AND probability.classifier_version = 'stamp_classifier_1.0.4'
    AND probability.class_name = 'asteroid'
    AND probability.probability > 0.9
    AND probability.ranking = 1
) AS prob_oids
    ON ss_ztf.oid = prob_oids.oid
) AS cand_info
    INNER JOIN (
SELECT
    dataquality.candid, dataquality.fwhm, dataquality.exptime
FROM
    dataquality
    INNER JOIN (
SELECT
    ss_ztf.oid, ss_ztf.candid, ss_ztf.ssdistnr, ss_ztf.ssmagnr, ss_ztf.ssnamenr
FROM
    ss_ztf
    INNER JOIN (
SELECT DISTINCT
    probability.oid
FROM
    probability
WHERE
    probability.classifier_name = 'stamp_classifier'
    AND probability.classifier_version = 'stamp_classifier_1.0.4'
    AND probability.class_name = 'asteroid'
    AND probability.probability > 0.9
    AND probability.ranking = 1
) AS prob_oids
    ON ss_ztf.oid = prob_oids.oid
) AS cand_info
    ON dataquality.candid = cand_info.candid
) AS dataquality
    ON cand_info.candid = dataquality.candid
    INNER JOIN (
SELECT
    ps1_ztf.oid, ps1_ztf.ncal_ps1
FROM
    ps1_ztf
    INNER JOIN (
SELECT DISTINCT
    probability.oid
FROM
    probability
WHERE
    probability.classifier_name = 'stamp_classifier'
    AND probability.classifier_version = 'stamp_classifier_1.0.4'
    AND probability.class_name = 'asteroid'
    AND probability.probability > 0.9
    AND probability.ranking = 1
) AS prob_oids
    ON ps1_ztf.oid = prob_oids.oid
) AS ps1_ztf
    ON cand_info.oid = ps1_ztf.oid
LIMIT 30
]
(Background on this error at: https://sqlalche.me/e/20/f405)","{'Schema Linking': {'input_tokens': 3956, 'output_tokens': 18, 'total_tokens': 3974, 'total_cost': 0.0, 'input_cost': 0.00989, 'output_cost': 0.00018, 'new_total_cost': 0.010069999999999999}, 'Classification': {'input_tokens': 494, 'output_tokens': 3, 'total_tokens': 497, 'input_cost': 0.001235, 'output_cost': 3e-05, 'total_cost': 0.001265, 'new_total_cost': 0.001265}, 'Decompostion': {'input_tokens': 4237, 'output_tokens': 660, 'total_tokens': 4897, 'input_cost': 0.0105925, 'output_cost': 0.0066, 'total_cost': 0.0171925, 'new_total_cost': 0.0171925}, 'Query generation': {'input_tokens': 2043, 'output_tokens': 467, 'total_tokens': 2510, 'input_cost': 0.0051075, 'output_cost': 0.00467, 'total_cost': 0.0097775, 'new_total_cost': 0.0097775}, 'Self-correction': {'input_tokens': 4461, 'output_tokens': 492, 'total_tokens': 4953, 'input_cost': 0.0111525, 'output_cost': 0.00492, 'total_cost': 0.0160725}}","             oid               candid  ssdistnr  ssmagnr   ssnamenr  fid  \
0   ZTF21ackhbdr  1766359014415015015       0.0     20.1  2000SP377    1   
1   ZTF21ackhbep  1766359012515015010       0.0     20.3     480672    1   
2   ZTF21ackhbsg  1766359011815015013       0.0     17.0      35721    1   
3   ZTF21ackhbpv  1766359014215015002       0.0     19.7     260193    1   
4   ZTF21ackhbub  1766359014715015011       0.0     17.6      34413    1   
5   ZTF21ackhbuh  1766359014715015016       0.0     20.5     510142    1   
6   ZTF21ackhbys  1766359014915015001       0.0     18.9     192734    1   
7   ZTF21ackhbzg  1766359011715015005       0.0     18.6     501286    1   
8   ZTF21ackhcaz  1766359494415015005       0.0     19.3     433538    1   
9   ZTF21ackhcaw  1766359493015015020       0.0     19.9     255540    1   
10  ZTF21ackhcbi  1766359015915015011       0.0     19.3      96771    1   
11  ZTF21ackhbol  1766359016215015001       0.0     17.5      19460    1   
12  ZTF21ackhbow  1766359014615015021       0.0     20.4  2003SW447    1   
13  ZTF21ackhbsh  1766359011815015007       0.0     18.3      75045    1   
14  ZTF21ackhbss  1766359493115015018       0.0     20.3   2017UR32    1   
15  ZTF21ackhbud  1766359014715015020       0.0     18.8      88498    1   
16  ZTF21ackhcap  1766359010415015030       0.0     19.2     400541    1   
17  ZTF21ackhcdb  1766359015715015005       0.0     20.5   2021PE56    1   
18  ZTF21ackhcdd  1766359494215015020       0.0     20.0     350198    1   
19  ZTF21ackhcdj  1766359491415015004       0.0     20.3     312711    1   
20  ZTF21ackhcdw  1766359492415015026       0.0     17.3      35542    1   
21  ZTF21ackhcdr  1766359010315015018       1.0     19.6     173623    1   
22  ZTF21ackhcet  1766359010215015008       0.0     19.3     201040    1   
23  ZTF21ackhcfz  1766359015515015008       0.0     17.2      93951    1   
24  ZTF21ackhbpp  1766359014215015027       0.0     18.2     106643    1   
25  ZTF21ackhbom  1766359016215015012       0.0     20.2   2017XM83    1   
26  ZTF21ackhbue  1766359014715015012       0.0     18.8     153128    1   
27  ZTF21ackhbuu  1766359492815015014       0.0     19.1     163949    1   
28  ZTF21ackhbzh  1766359011715015006       0.0     18.8      61644    1   
29  ZTF21ackhbzr  1766359015615015013       0.0     19.2     198032    1   

        fwhm  nmatches  exptime  
0   2.710000       689     30.0  
1   2.170000       653     30.0  
2   3.190000       550     30.0  
3   2.380000       655     30.0  
4   2.060000       724     30.0  
5   2.340000       724     30.0  
6   2.760000       859     30.0  
7   1.920000       563     30.0  
8   1.970000      1113     30.0  
9   2.100000       911     30.0  
10  2.130000       756     30.0  
11  2.030000       722     30.0  
12  1.144762       662     30.0  
13  2.040000       550     30.0  
14  2.960000      1004     30.0  
15  2.170000       724     30.0  
16  2.650000       554     30.0  
17  1.730000       762     30.0  
18  2.360000      1111     30.0  
19  2.830000       750     30.0  
20  2.400000      1035     30.0  
21  2.170000       443     30.0  
22  2.490000       401     30.0  
23  2.560000       769     30.0  
24  1.960000       655     30.0  
25  1.650000       722     30.0  
26  1.890000       724     30.0  
27  2.380000       867     30.0  
28  1.870000       563     30.0  
29  1.700000       824     30.0  ","['oid' 'candid' 'ssdistnr' 'ssmagnr' 'ssnamenr' 'fid' 'fwhm' 'nmatches'
 'exptime']","['ZTF21ackhbdr' 'ZTF21ackhbep' 'ZTF21ackhbsg' 'ZTF21ackhbpv'
 'ZTF21ackhbub' 'ZTF21ackhbuh' 'ZTF21ackhbys' 'ZTF21ackhbzg'
 'ZTF21ackhcaz' 'ZTF21ackhcaw' 'ZTF21ackhcbi' 'ZTF21ackhbol'
 'ZTF21ackhbow' 'ZTF21ackhbsh' 'ZTF21ackhbss' 'ZTF21ackhbud'
 'ZTF21ackhcap' 'ZTF21ackhcdb' 'ZTF21ackhcdd' 'ZTF21ackhcdj'
 'ZTF21ackhcdw' 'ZTF21ackhcdr' 'ZTF21ackhcet' 'ZTF21ackhcfz'
 'ZTF21ackhbpp' 'ZTF21ackhbom' 'ZTF21ackhbue' 'ZTF21ackhbuu'
 'ZTF21ackhbzh' 'ZTF21ackhbzr']"
38,"Find at most 10 ZTF objects that satisfy the following conditions: have more than 500 detections, a probability larger than 0.5 of being an asteroid in the stamp classifier version 'stamp_classifier_1.0.4', and a distance from the nearest Solar System object below 2 arcsec. Return the following columns: ZTF identifier, number of detections, first and last detection date, probability, candidate identifier, distance between ZTF object and MPC object, MPC name, detection date and filter identifier. Order the results by the first detection date.",gpt-4o,python,True,"# Sub-query for Probability: Filter objects with a probability greater than 0.5 of being an asteroid
sub_query_probability = f'''
SELECT
    oid
FROM
    probability
WHERE
    classifier_name = 'stamp_classifier'
    AND classifier_version = 'stamp_classifier_1.0.4'
    AND class_name = 'asteroid'
    AND ranking = 1
    AND probability > 0.5
''' # Sub-query for Object Conditions: Filter objects with more than 500 detections
sub_query_object = f'''
SELECT
    oid
FROM
    object
WHERE
    ndet > 500
''' # Sub-query for Solar System Distance: Filter objects with a distance below 2 arcsec
sub_query_ss_ztf = f'''
SELECT
    oid
FROM
    ss_ztf
WHERE
    ssdistnr < 2
''' # Combine Sub-queries: Use INTERSECT to find oids that satisfy all conditions
sub_query_combined = f'''
SELECT
    oid
FROM
    ({sub_query_probability}) AS prob
INTERSECT
SELECT
    oid
FROM
    ({sub_query_object}) AS obj
INTERSECT
SELECT
    oid
FROM
    ({sub_query_ss_ztf}) AS ss
''' # Main Query Construction: Join tables and retrieve required columns
full_query = f'''
SELECT
    obj.oid,
    obj.ndet,
    obj.firstmjd,
    obj.lastmjd,
    prob.probability,
    det.candid,
    ss.ssdistnr,
    ss.ssnamenr,
    det.mjd,
    det.fid
FROM
    ({sub_query_combined}) AS combined
    INNER JOIN object AS obj ON combined.oid = obj.oid
    INNER JOIN probability AS prob ON combined.oid = prob.oid
    INNER JOIN ss_ztf AS ss ON combined.oid = ss.oid
    INNER JOIN detection AS det ON combined.oid = det.oid
WHERE
    prob.classifier_name = 'stamp_classifier'
    AND prob.classifier_version = 'stamp_classifier_1.0.4'
    AND prob.class_name = 'asteroid'
    AND prob.ranking = 1
ORDER BY
    obj.firstmjd
LIMIT 10
'''","SELECT
    object.oid, ndet, firstmjd, lastmjd,
    probability, ss_ztf.candid, ssdistnr,
    ssnamenr, mjd, fid
FROM
    object INNER JOIN
    probability
    ON object.oid = probability.oid
    INNER JOIN
    ss_ztf
    ON object.oid = ss_ztf.oid
    INNER JOIN
    detection
    ON ss_ztf.oid = detection.oid
    AND ss_ztf.candid = detection.candid
WHERE
    ndet > 500
    AND classifier_name = 'stamp_classifier'
    AND class_name = 'asteroid'
    AND probability > 0.5
    AND classifier_version = 'stamp_classifier_1.0.4'
    AND ssdistnr < 2
ORDER BY firstmjd
LIMIT 10
",,,,"(psycopg2.errors.QueryCanceled) canceling statement due to statement timeout

[SQL: 
SELECT
    obj.oid,
    obj.ndet,
    obj.firstmjd,
    obj.lastmjd,
    prob.probability,
    det.candid,
    ss.ssdistnr,
    ss.ssnamenr,
    det.mjd,
    det.fid
FROM
    (
SELECT
    oid
FROM
    (
SELECT
    oid
FROM
    probability
WHERE
    classifier_name = 'stamp_classifier'
    AND classifier_version = 'stamp_classifier_1.0.4'
    AND class_name = 'asteroid'
    AND ranking = 1
    AND probability > 0.5
) AS prob
INTERSECT
SELECT
    oid
FROM
    (
SELECT
    oid
FROM
    object
WHERE
    ndet > 500
) AS obj
INTERSECT
SELECT
    oid
FROM
    (
SELECT
    oid
FROM
    ss_ztf
WHERE
    ssdistnr < 2
) AS ss
) AS combined
    INNER JOIN object AS obj ON combined.oid = obj.oid
    INNER JOIN probability AS prob ON combined.oid = prob.oid
    INNER JOIN ss_ztf AS ss ON combined.oid = ss.oid
    INNER JOIN detection AS det ON combined.oid = det.oid
WHERE
    prob.classifier_name = 'stamp_classifier'
    AND prob.classifier_version = 'stamp_classifier_1.0.4'
    AND prob.class_name = 'asteroid'
    AND prob.ranking = 1
ORDER BY
    obj.firstmjd
LIMIT 10
]
(Background on this error at: https://sqlalche.me/e/20/e3q8)","{'Schema Linking': {'input_tokens': 3914, 'output_tokens': 12, 'total_tokens': 3926, 'total_cost': 0.0, 'input_cost': 0.009785, 'output_cost': 0.00012, 'new_total_cost': 0.009905}, 'Classification': {'input_tokens': 505, 'output_tokens': 3, 'total_tokens': 508, 'input_cost': 0.0012625, 'output_cost': 3e-05, 'total_cost': 0.0012925, 'new_total_cost': 0.0012925}, 'Decompostion': {'input_tokens': 4247, 'output_tokens': 769, 'total_tokens': 5016, 'input_cost': 0.0106175, 'output_cost': 0.00769, 'total_cost': 0.0183075, 'new_total_cost': 0.0183075}, 'Query generation': {'input_tokens': 2162, 'output_tokens': 488, 'total_tokens': 2650, 'input_cost': 0.005405, 'output_cost': 0.00488, 'total_cost': 0.010284999999999999, 'new_total_cost': 0.010284999999999999}, 'Self-correction': {'input_tokens': 4373, 'output_tokens': 501, 'total_tokens': 4874, 'input_cost': 0.0109325, 'output_cost': 0.00501, 'total_cost': 0.0159425}}","            oid  ndet      firstmjd       lastmjd  probability  \
0  ZTF18aakqcul   728  58279.169583  60649.539618          1.0   
1  ZTF18abbxrwg   948  58287.335428  60603.131134          1.0   
2  ZTF18abctcjx   941  58301.355914  60622.127350          1.0   
3  ZTF18abegdjb   707  58304.357766  60609.124907          1.0   
4  ZTF18abjxzue   649  58332.271759  60545.188206          1.0   
5  ZTF18abnowwc   581  58348.212234  60627.129236          1.0   
6  ZTF18abnugpf   525  58348.353021  60623.092292          1.0   
7  ZTF17aacmuxo   560  58356.512998  60650.356435          1.0   
8  ZTF17aaapcln  1214  58357.495787  60650.423808          1.0   
9  ZTF18abrbhzl   776  58358.463819  60650.423808          1.0   

                candid  ssdistnr ssnamenr           mjd  fid  
0  1497422265615015015    -999.0     null  59251.422269    1  
1  1499564341415015015    -999.0     null  59253.564340    2  
2  1508557300615015050    -999.0     null  59262.557303    2  
3  1508557301515015029    -999.0     null  59262.557303    2  
4  1494508860715015005    -999.0     null  59248.508866    1  
5  1508557771615015008    -999.0     null  59262.557778    2  
6  1515558154415015007    -999.0     null  59269.558160    2  
7  1521247305515015000    -999.0     null  59275.247303    2  
8  1494169106015015027    -999.0     null  59248.169109    2  
9  1521247305415015012    -999.0     null  59275.247303    2  ","['oid' 'ndet' 'firstmjd' 'lastmjd' 'probability' 'candid' 'ssdistnr'
 'ssnamenr' 'mjd' 'fid']","['ZTF18aakqcul' 'ZTF18abbxrwg' 'ZTF18abctcjx' 'ZTF18abegdjb'
 'ZTF18abjxzue' 'ZTF18abnowwc' 'ZTF18abnugpf' 'ZTF17aacmuxo'
 'ZTF17aaapcln' 'ZTF18abrbhzl']"
39,"Find all detections, non-detections and forced photometry points for the ZTF object 'ZTF24aamtvxb'. Return all epochs in the same output table, including the following columns: ZTF identifier, epoch date, filter identifier, isdiffpos flag, detection difference magnitude and its uncertainty, 5-sigma magnitude limit, forced difference magnitude and its uncertainty, and a column named 'table' (that contains the name of the table of origin for each epoch)",gpt-4o,python,True,"# Sub-query to get the 'oid' for the object 'ZTF24aamtvxb'
sub_query_oid = f'''
SELECT oid
FROM object
WHERE object_id = 'ZTF24aamtvxb'
''' # Sub-query for detections
sub_query_detections = f'''
SELECT
    oid, mjd, fid, isdiffpos, magpsf, sigmapsf_corr, NULL AS diffmaglim, NULL AS mag_forced, NULL AS sigmag_forced, 'detection' AS table
FROM
    detection
WHERE
    oid IN ({sub_query_oid})
''' # Sub-query for non-detections
sub_query_non_detections = f'''
SELECT
    oid, mjd, fid, NULL AS isdiffpos, NULL AS magpsf, NULL AS sigmapsf_corr, diffmaglim, NULL AS mag_forced, NULL AS sigmag_forced, 'non_detection' AS table
FROM
    non_detection
WHERE
    oid IN ({sub_query_oid})
''' # Sub-query for forced photometry
sub_query_forced_photometry = f'''
SELECT
    oid, mjd, fid, NULL AS isdiffpos, NULL AS magpsf, NULL AS sigmapsf_corr, NULL AS diffmaglim, mag_forced, sigmag_forced, 'forced_photometry' AS table
FROM
    forced_photometry
WHERE
    oid IN ({sub_query_oid})
''' # Combine results using UNION
full_query = f'''
SELECT
    oid, mjd, fid, isdiffpos, magpsf, sigmapsf_corr, diffmaglim, mag_forced, sigmag_forced, table
FROM
    ({sub_query_detections}
    UNION
    {sub_query_non_detections}
    UNION
    {sub_query_forced_photometry}) AS combined_results
ORDER BY
    mjd
'''","
SELECT
    oid, mjd, fid, isdiffpos,
    magpsf, sigmapsf, NULL as diffmaglim,
    CAST(NULL AS bigint) as mag,
    CAST(NULL AS bigint) as e_mag,
    'detection' as table
FROM
    detection
WHERE
    oid = 'ZTF24aamtvxb'
UNION ALL
SELECT
    oid, mjd, fid, NULL as isdiffpos,
    NULL as magpsf, NULL as sigmapsf, diffmaglim,
    CAST(NULL AS bigint) as mag,
    CAST(NULL AS bigint) as e_mag,
    'non_detection' as table
FROM
    non_detection
WHERE
    oid = 'ZTF24aamtvxb'
UNION ALL
SELECT
    oid, mjd, fid, isdiffpos,
    NULL as magpsf, NULL as sigmapsf,
    NULL as diffmaglim,
    mag, e_mag,
    'forced_photometry' as table
FROM
    forced_photometry
WHERE
    oid = 'ZTF24aamtvxb'
",,,,"(psycopg2.errors.SyntaxError) syntax error at or near ""table""
LINE 3: ... sigmapsf_corr, diffmaglim, mag_forced, sigmag_forced, table
                                                                  ^

[SQL: 
SELECT
    oid, mjd, fid, isdiffpos, magpsf, sigmapsf_corr, diffmaglim, mag_forced, sigmag_forced, table
FROM
    (
SELECT
    oid, mjd, fid, isdiffpos, magpsf, sigmapsf_corr, NULL AS diffmaglim, NULL AS mag_forced, NULL AS sigmag_forced, 'detection' AS table
FROM
    detection
WHERE
    oid IN (
SELECT oid
FROM object
WHERE object_id = 'ZTF24aamtvxb'
)

    UNION
    
SELECT
    oid, mjd, fid, NULL AS isdiffpos, NULL AS magpsf, NULL AS sigmapsf_corr, diffmaglim, NULL AS mag_forced, NULL AS sigmag_forced, 'non_detection' AS table
FROM
    non_detection
WHERE
    oid IN (
SELECT oid
FROM object
WHERE object_id = 'ZTF24aamtvxb'
)

    UNION
    
SELECT
    oid, mjd, fid, NULL AS isdiffpos, NULL AS magpsf, NULL AS sigmapsf_corr, NULL AS diffmaglim, mag_forced, sigmag_forced, 'forced_photometry' AS table
FROM
    forced_photometry
WHERE
    oid IN (
SELECT oid
FROM object
WHERE object_id = 'ZTF24aamtvxb'
)
) AS combined_results
ORDER BY
    mjd
]
(Background on this error at: https://sqlalche.me/e/20/f405)","{'Schema Linking': {'input_tokens': 3926, 'output_tokens': 11, 'total_tokens': 3937, 'total_cost': 0.0, 'input_cost': 0.009815, 'output_cost': 0.00011, 'new_total_cost': 0.009925000000000002}, 'Classification': {'input_tokens': 487, 'output_tokens': 3, 'total_tokens': 490, 'input_cost': 0.0012175, 'output_cost': 3e-05, 'total_cost': 0.0012475000000000001, 'new_total_cost': 0.0012475000000000001}, 'Decompostion': {'input_tokens': 4230, 'output_tokens': 841, 'total_tokens': 5071, 'input_cost': 0.010575, 'output_cost': 0.00841, 'total_cost': 0.018985000000000002, 'new_total_cost': 0.018985000000000002}, 'Query generation': {'input_tokens': 2217, 'output_tokens': 405, 'total_tokens': 2622, 'input_cost': 0.0055425, 'output_cost': 0.00405, 'total_cost': 0.0095925, 'new_total_cost': 0.0095925}, 'Self-correction': {'input_tokens': 4237, 'output_tokens': 483, 'total_tokens': 4720, 'input_cost': 0.0105925, 'output_cost': 0.00483, 'total_cost': 0.015422499999999999}}","              oid           mjd  fid  isdiffpos     magpsf  sigmapsf  \
0    ZTF24aamtvxb  60440.276505    1        1.0  18.307241  0.082498   
1    ZTF24aamtvxb  60442.171227    1        1.0  15.560810  0.033140   
2    ZTF24aamtvxb  60444.229016    1        1.0  14.585193  0.024982   
3    ZTF24aamtvxb  60449.220266    1        1.0  13.173624  0.018505   
4    ZTF24aamtvxb  60449.310336    2        1.0  13.359071  0.016791   
..            ...           ...  ...        ...        ...       ...   
145  ZTF24aamtvxb  60592.533183    2        1.0        NaN       NaN   
146  ZTF24aamtvxb  60600.525556    2        1.0        NaN       NaN   
147  ZTF24aamtvxb  60599.535475    2        1.0        NaN       NaN   
148  ZTF24aamtvxb  60595.530752    2        1.0        NaN       NaN   
149  ZTF24aamtvxb  60594.531447    2        1.0        NaN       NaN   

     diffmaglim        mag     e_mag              table  
0           NaN        NaN       NaN          detection  
1           NaN        NaN       NaN          detection  
2           NaN        NaN       NaN          detection  
3           NaN        NaN       NaN          detection  
4           NaN        NaN       NaN          detection  
..          ...        ...       ...                ...  
145         NaN  17.383959  0.047817  forced_photometry  
146         NaN  17.480049  0.060428  forced_photometry  
147         NaN  17.442333  0.028261  forced_photometry  
148         NaN  17.347569  0.024500  forced_photometry  
149         NaN  17.469713  0.041608  forced_photometry  

[150 rows x 10 columns]","['oid' 'mjd' 'fid' 'isdiffpos' 'magpsf' 'sigmapsf' 'diffmaglim' 'mag'
 'e_mag' 'table']","['ZTF24aamtvxb' 'ZTF24aamtvxb' 'ZTF24aamtvxb' 'ZTF24aamtvxb'
 'ZTF24aamtvxb' 'ZTF24aamtvxb' 'ZTF24aamtvxb' 'ZTF24aamtvxb'
 'ZTF24aamtvxb' 'ZTF24aamtvxb' 'ZTF24aamtvxb' 'ZTF24aamtvxb'
 'ZTF24aamtvxb' 'ZTF24aamtvxb' 'ZTF24aamtvxb' 'ZTF24aamtvxb'
 'ZTF24aamtvxb' 'ZTF24aamtvxb' 'ZTF24aamtvxb' 'ZTF24aamtvxb'
 'ZTF24aamtvxb' 'ZTF24aamtvxb' 'ZTF24aamtvxb' 'ZTF24aamtvxb'
 'ZTF24aamtvxb' 'ZTF24aamtvxb' 'ZTF24aamtvxb' 'ZTF24aamtvxb'
 'ZTF24aamtvxb' 'ZTF24aamtvxb' 'ZTF24aamtvxb' 'ZTF24aamtvxb'
 'ZTF24aamtvxb' 'ZTF24aamtvxb' 'ZTF24aamtvxb' 'ZTF24aamtvxb'
 'ZTF24aamtvxb' 'ZTF24aamtvxb' 'ZTF24aamtvxb' 'ZTF24aamtvxb'
 'ZTF24aamtvxb' 'ZTF24aamtvxb' 'ZTF24aamtvxb' 'ZTF24aamtvxb'
 'ZTF24aamtvxb' 'ZTF24aamtvxb' 'ZTF24aamtvxb' 'ZTF24aamtvxb'
 'ZTF24aamtvxb' 'ZTF24aamtvxb' 'ZTF24aamtvxb' 'ZTF24aamtvxb'
 'ZTF24aamtvxb' 'ZTF24aamtvxb' 'ZTF24aamtvxb' 'ZTF24aamtvxb'
 'ZTF24aamtvxb' 'ZTF24aamtvxb' 'ZTF24aamtvxb' 'ZTF24aamtvxb'
 'ZTF24aamtvxb' 'ZTF24aamtvxb' 'ZTF24aamtvxb' 'ZTF24aamtvxb'
 'ZTF24aamtvxb' 'ZTF24aamtvxb' 'ZTF24aamtvxb' 'ZTF24aamtvxb'
 'ZTF24aamtvxb' 'ZTF24aamtvxb' 'ZTF24aamtvxb' 'ZTF24aamtvxb'
 'ZTF24aamtvxb' 'ZTF24aamtvxb' 'ZTF24aamtvxb' 'ZTF24aamtvxb'
 'ZTF24aamtvxb' 'ZTF24aamtvxb' 'ZTF24aamtvxb' 'ZTF24aamtvxb'
 'ZTF24aamtvxb' 'ZTF24aamtvxb' 'ZTF24aamtvxb' 'ZTF24aamtvxb'
 'ZTF24aamtvxb' 'ZTF24aamtvxb' 'ZTF24aamtvxb' 'ZTF24aamtvxb'
 'ZTF24aamtvxb' 'ZTF24aamtvxb' 'ZTF24aamtvxb' 'ZTF24aamtvxb'
 'ZTF24aamtvxb' 'ZTF24aamtvxb' 'ZTF24aamtvxb' 'ZTF24aamtvxb'
 'ZTF24aamtvxb' 'ZTF24aamtvxb' 'ZTF24aamtvxb' 'ZTF24aamtvxb'
 'ZTF24aamtvxb' 'ZTF24aamtvxb' 'ZTF24aamtvxb' 'ZTF24aamtvxb'
 'ZTF24aamtvxb' 'ZTF24aamtvxb' 'ZTF24aamtvxb' 'ZTF24aamtvxb'
 'ZTF24aamtvxb' 'ZTF24aamtvxb' 'ZTF24aamtvxb' 'ZTF24aamtvxb'
 'ZTF24aamtvxb' 'ZTF24aamtvxb' 'ZTF24aamtvxb' 'ZTF24aamtvxb'
 'ZTF24aamtvxb' 'ZTF24aamtvxb' 'ZTF24aamtvxb' 'ZTF24aamtvxb'
 'ZTF24aamtvxb' 'ZTF24aamtvxb' 'ZTF24aamtvxb' 'ZTF24aamtvxb'
 'ZTF24aamtvxb' 'ZTF24aamtvxb' 'ZTF24aamtvxb' 'ZTF24aamtvxb'
 'ZTF24aamtvxb' 'ZTF24aamtvxb' 'ZTF24aamtvxb' 'ZTF24aamtvxb'
 'ZTF24aamtvxb' 'ZTF24aamtvxb' 'ZTF24aamtvxb' 'ZTF24aamtvxb'
 'ZTF24aamtvxb' 'ZTF24aamtvxb' 'ZTF24aamtvxb' 'ZTF24aamtvxb'
 'ZTF24aamtvxb' 'ZTF24aamtvxb' 'ZTF24aamtvxb' 'ZTF24aamtvxb'
 'ZTF24aamtvxb' 'ZTF24aamtvxb' 'ZTF24aamtvxb' 'ZTF24aamtvxb'
 'ZTF24aamtvxb' 'ZTF24aamtvxb']"
40,"Find at most 30 ZTF objects that satisfy the following conditions: have more than 10 detections, a probability larger than 0.7 of being a bogus in the stamp classifier version 'stamp_classifier_1.0.4', and  a probability larger than 0.9 of being a transient in the light curve classifier top level. Return the following columns: ZTF identifier, number of detections, first detection date, probability in the stamp classifier (name this column 'prob_stamp_bogus'), and probability in the light curve classifier top level (name this column 'prob_lc_transient'). Order the results by the ZTF identifier of the objects classified as bogus in the stamp classifier.",gpt-4o,python,True,"
SELECT o.oid AS ztf_identifier,
       o.ndet AS number_of_detections,
       o.firstmjd AS first_detection_date,

  (SELECT p.probability
   FROM probability p
   WHERE p.oid = o.oid
     AND p.classifier_name = 'stamp_classifier'
     AND p.classifier_version = 'stamp_classifier_1.0.4'
     AND p.class_name = 'bogus'
     AND p.ranking = 1) AS prob_stamp_bogus,

  (SELECT p.probability
   FROM probability p
   WHERE p.oid = o.oid
     AND p.classifier_name = 'lc_classifier_top'
     AND p.class_name = 'transient'
     AND p.ranking = 1) AS prob_lc_transient
FROM OBJECT o
WHERE o.ndet > 10
  AND o.oid IN
    (SELECT p.oid
     FROM probability p
     WHERE p.classifier_name = 'stamp_classifier'
       AND p.classifier_version = 'stamp_classifier_1.0.4'
       AND p.class_name = 'bogus'
       AND p.probability > 0.7
       AND p.ranking = 1)
  AND o.oid IN
    (SELECT p.oid
     FROM probability p
     WHERE p.classifier_name = 'lc_classifier_top'
       AND p.class_name = 'transient'
       AND p.probability > 0.9
       AND p.ranking = 1)
ORDER BY prob_stamp_bogus DESC
LIMIT 30;","
SELECT
    sq1.oid, sq1.ndet, sq1.firstmjd,
    sq1.probability as prob_stamp_bogus,
    sq2.probability as prob_lc_transient
FROM
(
SELECT
    object.oid, object.ndet, object.firstmjd,
    probability.class_name,
    probability.probability
FROM
    object INNER JOIN
    probability
    ON object.oid = probability.oid
WHERE
    ndet > 10
    AND classifier_name = 'stamp_classifier'
    AND class_name = 'bogus'
    AND probability > 0.7
    AND classifier_version = 'stamp_classifier_1.0.4'
) AS sq1
INNER JOIN
(
SELECT
    *
FROM
    probability
WHERE
    classifier_name = 'lc_classifier_top'
    AND class_name = 'Transient'
    AND probability > 0.9
) AS sq2
ON sq1.oid = sq2.oid
ORDER BY sq1.oid
LIMIT 30
",,,,"invalid syntax (<string>, line 2)","{'Schema Linking': {'input_tokens': 3984, 'output_tokens': 5, 'total_tokens': 3989, 'total_cost': 0.0, 'input_cost': 0.00996, 'output_cost': 5e-05, 'new_total_cost': 0.01001}, 'Classification': {'input_tokens': 526, 'output_tokens': 3, 'total_tokens': 529, 'input_cost': 0.001315, 'output_cost': 3e-05, 'total_cost': 0.001345, 'new_total_cost': 0.001345}, 'Decompostion': {'input_tokens': 0, 'output_tokens': 0, 'input_cost': 0.0, 'output_cost': 0.0, 'total_cost': 0.0, 'new_total_cost': 0.0}, 'Query generation': {'input_tokens': 4026, 'output_tokens': 357, 'total_tokens': 4383, 'input_cost': 0.010065, 'output_cost': 0.00357, 'total_cost': 0.013635, 'new_total_cost': 0.013635}, 'Self-correction': {'input_tokens': 4172, 'output_tokens': 420, 'total_tokens': 4592, 'input_cost': 0.01043, 'output_cost': 0.0042, 'total_cost': 0.01463}}","             oid  ndet      firstmjd  prob_stamp_bogus  prob_lc_transient
0   ZTF17aaahhwn    16  60168.430151          0.771008              1.000
1   ZTF18aajkcdn    11  59904.431377          0.767230              0.954
2   ZTF18abjrfqx    42  58325.466678          0.745006              1.000
3   ZTF18abmwnov    52  58346.359896          0.715889              1.000
4   ZTF18absdojk   365  58362.167813          0.705910              0.952
5   ZTF18abuicad    67  58371.378785          0.835837              0.956
6   ZTF18abzbkby    37  58385.452824          0.864839              0.994
7   ZTF18acbwxcc    23  58423.140255          0.777057              0.970
8   ZTF18acszayr    30  58456.220949          0.767309              0.938
9   ZTF19aaoyjoz    17  58580.254491          0.761249              0.982
10  ZTF19aauoiow   110  58636.423935          0.773761              1.000
11  ZTF19aavjzrz    94  58643.455984          0.794810              1.000
12  ZTF19aawsdlq    34  58636.421644          0.792299              1.000
13  ZTF19aazfvhh    57  58646.469097          0.722329              0.996
14  ZTF19abwsecm    26  58725.461806          0.808821              1.000
15  ZTF19abxjimu   127  58732.422708          0.721538              0.998
16  ZTF19abzqwpr    37  58746.390891          0.713936              0.998
17  ZTF19abzsnqm    20  58746.390394          0.788473              0.988
18  ZTF19acbkczc    20  58754.207940          0.911203              0.936
19  ZTF20aafpojg    23  58863.214120          0.729397              0.964
20  ZTF20abjsyqn    21  59036.374190          0.710259              0.922
21  ZTF20abylbuf    90  59096.384016          0.724529              1.000
22  ZTF20acjbhhp    60  59136.325822          0.703471              1.000
23  ZTF20acoyvdg    23  59157.236493          0.705165              0.996
24  ZTF20acpmgdz    64  59165.336678          0.724588              1.000
25  ZTF20acqzjqz   107  59169.318993          0.752268              1.000
26  ZTF20acwgxhk    48  59193.197292          0.739050              0.976
27  ZTF20acxdawc    17  59193.198241          0.861717              0.968
28  ZTF20adadmsg    30  59200.228530          0.870066              1.000
29  ZTF21aagnqnz    64  59248.255046          0.751137              0.968",['oid' 'ndet' 'firstmjd' 'prob_stamp_bogus' 'prob_lc_transient'],"['ZTF17aaahhwn' 'ZTF18aajkcdn' 'ZTF18abjrfqx' 'ZTF18abmwnov'
 'ZTF18absdojk' 'ZTF18abuicad' 'ZTF18abzbkby' 'ZTF18acbwxcc'
 'ZTF18acszayr' 'ZTF19aaoyjoz' 'ZTF19aauoiow' 'ZTF19aavjzrz'
 'ZTF19aawsdlq' 'ZTF19aazfvhh' 'ZTF19abwsecm' 'ZTF19abxjimu'
 'ZTF19abzqwpr' 'ZTF19abzsnqm' 'ZTF19acbkczc' 'ZTF20aafpojg'
 'ZTF20abjsyqn' 'ZTF20abylbuf' 'ZTF20acjbhhp' 'ZTF20acoyvdg'
 'ZTF20acpmgdz' 'ZTF20acqzjqz' 'ZTF20acwgxhk' 'ZTF20acxdawc'
 'ZTF20adadmsg' 'ZTF21aagnqnz']"
